Accuracy on the validation data,0.7821

Number of Type I results,82
Number of Type II results,1054
Number of Type III results,813
Number of Type IV results,5872

Ratio of Type IV results to correct results,0.750799130545966

Details of Type IV results
Input index,rp,r1,r2
0,3,5,7
1,8,7,6
2,8,7,6
3,0,6,6
4,6,2,3
5,6,4,3
6,1,4,8
8,3,4,7
9,1,6,6
11,9,0,6
12,5,2,8
13,7,4,8
14,9,6,6
15,8,7,6
17,7,2,3
20,7,5,9
21,0,8,6
22,4,6,1
23,9,0,8
26,4,3,3
27,0,4,6
28,9,2,6
32,4,9,7
34,9,2,6
38,9,0,6
40,4,8,6
44,0,8,6
45,9,0,6
47,9,5,6
48,7,9,3
50,9,0,6
51,8,0,6
52,0,2,8
53,3,5,0
54,8,7,6
55,8,0,6
56,7,5,3
60,7,5,3
63,3,4,6
66,1,6,9
68,3,2,6
69,7,2,8
70,2,4,7
72,8,0,6
73,8,7,9
74,0,4,8
75,2,5,7
77,3,4,6
80,8,7,6
82,1,2,8
83,7,5,6
84,2,7,6
86,2,5,9
88,8,7,6
89,9,0,6
90,0,8,6
91,3,2,0
92,8,2,9
94,4,8,3
96,6,0,7
98,0,7,6
99,7,2,6
101,5,0,7
103,3,2,6
104,1,2,8
105,1,0,6
106,3,5,7
108,8,2,9
109,7,4,3
110,4,0,7
111,0,7,8
113,2,5,6
114,1,7,6
115,3,2,8
116,0,8,6
117,4,5,6
118,2,4,5
119,7,2,0
120,8,6,6
122,1,0,6
123,2,5,6
124,8,6,6
126,8,0,6
127,3,0,6
129,2,7,6
130,4,3,5
131,1,2,6
132,8,6,6
133,9,0,6
134,1,2,6
135,2,4,8
136,9,0,6
137,7,4,0
143,3,2,1
144,8,1,6
148,5,4,8
151,9,0,6
153,0,2,1
154,0,5,1
155,5,2,1
156,2,5,6
157,9,0,3
159,4,8,0
160,2,8,6
161,1,0,6
166,8,7,6
167,4,3,8
169,0,6,6
170,9,0,6
171,9,0,6
172,9,0,2
173,8,2,6
174,9,2,6
175,9,6,6
176,3,2,6
177,7,2,5
179,0,6,6
181,5,4,7
182,2,5,6
185,8,0,9
187,3,2,6
190,5,2,6
191,8,5,7
192,0,7,4
193,1,6,6
194,7,0,3
195,2,5,5
196,8,2,6
197,8,7,7
198,7,2,3
199,8,2,9
201,1,8,8
202,8,7,6
203,7,0,9
204,1,2,8
205,3,4,7
206,0,8,6
207,5,2,8
208,7,5,3
209,9,2,6
214,8,2,6
215,0,7,6
216,7,2,8
217,9,2,6
218,8,2,6
219,2,5,3
220,7,5,0
222,9,0,6
224,3,5,6
225,9,2,6
227,4,5,0
230,5,2,0
231,1,0,8
234,8,2,6
235,0,8,6
236,4,5,2
237,0,8,6
238,5,4,8
239,5,4,8
240,1,2,8
241,1,5,6
242,8,7,6
243,9,2,8
246,1,2,6
248,2,8,6
249,2,5,9
252,9,0,8
253,9,6,6
255,0,2,8
256,3,5,6
257,0,7,6
259,9,2,8
260,8,2,6
261,1,6,6
265,8,4,6
267,4,0,5
268,7,4,3
269,0,7,1
270,2,5,3
273,3,5,6
274,8,6,7
276,0,6,8
280,9,2,6
281,0,6,8
283,1,6,6
285,9,0,6
286,1,2,9
288,7,2,3
289,9,6,6
290,1,2,6
294,3,5,7
295,4,5,7
297,0,6,6
298,0,5,7
300,6,0,7
305,1,6,8
307,2,5,1
310,8,6,9
314,4,0,9
316,7,0,8
317,7,8,3
318,5,2,8
319,5,4,1
320,3,2,5
323,3,2,5
325,1,4,6
326,7,5,4
328,4,0,7
330,1,6,9
331,9,2,6
336,3,2,6
337,8,2,6
338,0,6,6
339,7,4,8
340,2,4,6
342,2,8,6
343,5,2,8
344,8,2,6
346,4,3,3
348,8,7,6
349,9,6,3
350,9,0,8
351,1,0,8
353,2,8,6
358,8,2,9
359,0,7,6
360,9,6,6
361,5,2,7
362,8,2,6
363,1,8,6
364,9,0,8
365,4,0,7
367,3,8,0
370,4,8,7
372,9,0,6
375,7,4,5
377,7,5,9
381,9,2,3
382,0,7,6
385,8,7,6
386,7,8,3
387,2,5,8
388,2,5,1
390,1,0,9
391,2,8,6
392,6,0,8
394,9,5,6
396,2,8,6
397,3,5,6
400,9,0,6
402,7,8,3
403,8,4,6
406,0,8,6
407,1,7,8
408,8,5,7
410,7,5,8
411,9,0,6
412,3,2,5
414,1,0,8
415,9,0,6
417,7,2,3
419,7,8,3
421,5,2,8
423,0,5,8
425,9,2,6
426,3,5,6
431,5,4,4
432,3,2,7
435,7,4,8
437,5,2,0
438,3,2,1
439,1,0,6
440,1,0,8
441,4,5,3
442,9,6,6
444,5,4,6
446,5,2,6
447,0,8,6
451,9,7,6
453,3,4,7
454,9,0,6
458,4,2,6
462,1,0,6
464,3,2,6
467,3,4,6
469,8,2,9
470,3,5,1
472,8,7,7
473,0,2,6
475,7,5,3
477,0,8,6
479,4,0,8
480,8,6,6
482,8,7,1
484,5,4,8
486,9,6,6
487,9,6,6
489,0,6,6
490,1,6,8
491,0,6,6
492,8,4,6
493,1,2,2
494,1,8,9
495,8,7,6
496,0,2,8
497,2,5,6
498,2,5,6
499,0,8,6
503,4,2,5
504,9,6,6
505,4,0,7
506,7,4,3
507,9,6,6
508,9,2,6
509,4,0,3
510,5,2,8
513,1,0,6
515,3,2,6
516,8,7,6
517,9,0,6
519,8,0,6
520,5,4,3
521,7,8,9
522,0,2,6
523,7,2,6
524,0,8,6
527,0,6,9
528,4,0,3
530,9,7,7
532,9,6,6
537,2,5,6
540,1,2,6
543,7,4,3
545,9,0,8
546,1,6,6
549,5,2,8
552,8,6,3
554,9,6,6
555,4,2,3
559,2,5,6
560,0,6,6
561,7,4,3
565,3,5,6
566,9,7,6
568,9,5,2
571,7,4,4
572,1,2,8
573,3,2,7
575,6,0,7
576,8,0,6
577,9,2,6
578,7,8,3
579,5,4,8
580,4,0,6
581,0,5,9
584,0,6,6
585,9,2,6
586,3,5,7
588,8,7,6
594,1,7,8
596,7,8,9
599,3,2,7
600,8,0,2
601,5,4,6
602,0,8,6
603,2,5,6
604,1,0,8
607,3,5,6
608,3,5,7
609,9,0,8
611,9,6,0
612,8,7,2
613,8,0,6
614,5,4,6
615,8,0,1
619,1,6,6
620,7,2,4
621,7,2,6
622,1,6,6
624,7,4,9
625,9,2,6
626,9,6,6
627,4,5,0
629,1,5,9
633,8,6,6
634,7,4,8
638,0,7,6
639,5,4,8
640,5,2,1
642,0,2,6
643,7,5,9
644,9,0,8
645,1,6,8
646,3,2,7
647,4,5,5
648,4,2,5
650,3,5,1
651,9,0,6
654,9,8,6
656,1,7,6
659,1,8,9
660,9,6,6
662,7,4,8
664,3,2,1
666,9,0,6
667,0,6,1
668,1,6,8
673,3,5,6
675,0,7,8
676,3,5,5
677,1,6,6
682,4,5,0
684,9,0,3
686,9,2,6
688,3,5,0
689,0,5,6
690,3,2,0
693,7,4,3
694,8,7,6
696,8,2,6
697,2,5,6
698,7,4,8
700,7,8,8
702,4,3,6
703,8,2,6
704,7,8,3
705,4,2,7
706,2,7,6
708,8,0,7
709,8,2,2
711,8,6,6
712,8,7,6
713,7,3,3
716,3,5,6
719,9,6,6
721,8,6,6
722,8,2,6
723,1,0,6
724,8,7,9
726,1,2,8
729,5,4,8
732,7,2,3
733,9,3,6
736,1,6,6
738,1,6,6
741,7,5,3
742,0,6,6
745,7,4,9
748,2,5,7
750,9,0,6
751,2,6,7
752,9,7,6
753,1,2,6
754,2,5,6
755,2,7,5
757,8,7,6
758,2,5,6
759,1,7,8
761,6,5,7
763,0,8,9
764,1,6,8
765,2,5,6
769,4,8,6
774,0,8,6
775,2,5,3
778,0,6,1
779,5,0,7
780,9,0,6
781,1,6,6
782,7,5,3
784,7,4,3
785,0,6,6
787,9,0,6
789,8,0,6
790,3,2,6
791,0,6,6
794,7,5,9
799,2,0,6
800,7,5,3
801,1,2,8
803,7,8,4
804,4,0,9
807,4,2,7
808,7,2,3
809,7,5,6
812,7,3,3
813,2,5,6
814,0,8,6
815,8,2,6
816,9,6,6
818,8,7,6
821,2,5,6
822,0,6,6
823,8,7,6
824,7,5,8
825,3,2,6
826,7,5,3
829,3,7,1
832,2,5,6
834,5,3,4
837,2,5,9
840,7,5,0
843,2,5,6
845,3,5,8
846,2,5,6
847,0,8,8
849,4,5,7
850,7,3,8
851,9,6,6
852,8,7,6
855,7,8,8
858,7,5,8
863,3,5,6
864,0,6,9
865,1,6,6
867,7,4,3
868,0,6,6
869,1,5,9
870,3,2,7
871,1,0,8
874,3,5,0
875,8,2,6
876,4,5,5
877,2,5,7
878,3,4,6
879,7,8,4
880,8,0,6
883,0,2,6
884,9,0,8
885,0,7,6
886,0,6,6
887,1,2,6
890,4,0,3
892,7,5,3
894,1,2,6
895,1,6,6
896,3,2,7
897,7,4,9
899,5,4,8
903,5,4,1
906,1,7,8
908,8,2,6
909,8,2,9
911,3,5,1
913,4,5,6
914,0,8,6
917,8,0,7
918,8,0,6
919,0,8,6
921,9,6,6
922,9,7,6
925,5,4,1
926,8,5,9
928,0,6,6
929,0,8,6
931,2,5,1
932,3,2,6
934,7,4,3
935,2,5,6
937,5,4,9
939,8,6,2
940,9,0,6
942,7,4,8
944,0,8,6
945,3,2,7
946,0,6,6
947,1,2,6
948,3,5,9
949,8,7,2
950,3,2,6
951,9,2,6
954,4,0,7
955,7,8,9
956,0,2,6
957,3,2,6
958,7,5,3
959,8,7,6
960,9,6,1
961,1,2,6
962,1,6,6
964,6,2,7
965,6,2,8
967,9,2,3
968,1,2,8
969,9,0,6
970,9,2,6
973,1,2,8
974,7,4,6
975,0,8,8
976,6,4,3
977,8,0,9
978,1,2,6
979,9,0,8
981,9,2,6
983,4,3,7
984,7,4,3
985,8,7,3
986,3,2,0
987,1,2,6
988,2,5,1
989,0,6,6
990,1,2,6
996,8,7,6
997,1,0,9
998,3,2,6
999,8,7,6
1000,5,4,1
1001,0,6,6
1004,8,6,6
1005,1,2,3
1006,1,0,6
1007,8,0,6
1010,0,6,6
1011,8,7,9
1013,1,0,6
1014,3,5,6
1016,1,2,6
1018,0,6,6
1020,1,0,6
1021,1,2,6
1022,0,7,9
1023,0,6,6
1024,3,4,1
1026,0,6,6
1027,0,6,8
1030,3,5,5
1031,3,2,6
1033,3,2,6
1034,6,4,1
1036,0,8,5
1037,7,8,9
1039,2,5,6
1041,5,2,8
1043,2,5,6
1044,8,7,6
1046,2,5,7
1047,1,6,6
1048,1,2,6
1051,2,0,8
1052,0,8,8
1054,1,2,8
1056,3,4,6
1057,7,2,1
1059,8,6,6
1060,9,2,6
1065,3,4,6
1066,9,0,6
1067,0,8,6
1068,9,8,6
1073,7,5,8
1074,3,2,6
1075,8,0,6
1076,0,7,6
1077,0,6,6
1078,0,6,6
1082,9,7,6
1083,2,5,1
1084,5,2,7
1090,0,6,6
1093,0,5,6
1096,7,5,3
1097,5,2,3
1098,1,4,6
1099,2,5,6
1101,8,6,6
1102,8,2,6
1103,0,7,6
1104,9,6,6
1106,9,0,6
1108,2,5,6
1109,0,8,6
1111,8,7,3
1114,9,2,6
1115,1,0,6
1116,5,4,7
1117,5,4,0
1119,7,5,5
1121,3,2,6
1122,8,0,1
1123,3,5,7
1127,8,7,6
1128,4,0,5
1130,7,4,0
1131,1,2,6
1134,1,6,6
1136,9,2,6
1139,8,2,7
1142,8,7,6
1144,1,7,8
1145,4,5,3
1146,2,8,0
1152,0,8,6
1153,8,2,3
1155,9,2,6
1156,1,7,6
1158,1,3,6
1159,8,6,9
1160,8,2,6
1161,0,5,6
1162,7,4,3
1164,8,7,6
1167,4,2,3
1168,3,4,1
1169,7,8,3
1170,7,3,4
1171,9,0,6
1173,3,2,6
1174,1,6,6
1175,9,6,6
1176,1,7,6
1179,3,7,1
1182,1,7,6
1184,6,2,7
1185,1,0,6
1186,4,5,5
1187,1,0,8
1188,0,6,6
1189,0,6,6
1190,1,2,6
1194,4,5,6
1196,2,5,1
1197,0,6,6
1198,7,4,8
1199,9,2,3
1200,8,5,9
1202,2,5,6
1205,8,7,1
1206,1,2,6
1207,4,9,6
1209,7,3,3
1210,0,7,6
1212,1,2,6
1213,8,7,6
1215,7,2,8
1216,8,6,6
1217,4,5,3
1218,8,2,6
1220,9,0,6
1221,9,0,6
1223,8,0,7
1229,1,7,6
1231,9,7,6
1232,1,7,8
1234,1,6,6
1237,0,2,6
1238,1,6,6
1242,8,6,3
1243,8,7,6
1247,3,5,5
1250,7,2,8
1251,2,5,1
1253,8,7,9
1254,2,8,6
1255,4,8,5
1256,9,2,6
1257,2,5,6
1258,1,2,9
1259,8,7,6
1260,1,6,6
1261,9,2,6
1262,8,7,9
1263,8,0,9
1267,4,5,9
1270,1,0,6
1271,8,2,6
1273,6,5,1
1274,3,2,6
1275,3,5,6
1278,2,5,6
1279,8,2,6
1281,8,2,6
1282,9,6,6
1283,5,4,8
1284,8,2,9
1287,9,0,6
1288,1,0,6
1290,5,2,3
1291,9,6,6
1293,4,0,7
1295,0,2,6
1296,7,5,0
1298,9,2,6
1301,1,2,8
1303,4,2,3
1305,9,0,6
1310,0,8,3
1311,8,2,1
1313,1,2,8
1314,9,6,6
1317,9,0,6
1319,0,6,6
1320,7,8,5
1321,2,5,3
1328,5,4,7
1331,8,6,6
1332,1,7,6
1333,7,2,8
1335,1,7,6
1337,5,2,6
1340,1,6,9
1341,4,2,8
1343,0,2,9
1344,9,8,6
1345,4,5,3
1347,8,6,6
1349,8,0,6
1351,7,4,9
1354,1,2,9
1357,9,6,6
1358,8,2,6
1359,9,0,6
1360,7,4,4
1361,9,6,8
1362,5,2,8
1363,1,7,8
1364,4,5,5
1365,0,6,8
1366,8,7,6
1367,2,0,6
1368,3,2,6
1369,8,6,1
1370,9,0,8
1371,1,2,6
1374,2,6,6
1376,9,0,6
1377,3,4,1
1378,1,6,2
1379,7,5,3
1383,8,5,3
1384,9,0,6
1386,3,2,6
1387,9,0,6
1392,2,5,6
1395,3,5,6
1396,1,2,8
1397,0,8,6
1398,7,2,3
1401,4,8,5
1402,7,5,8
1403,6,2,7
1404,1,7,3
1405,1,8,6
1406,9,6,6
1408,1,6,6
1409,0,4,9
1410,1,2,6
1411,3,2,6
1412,1,2,6
1413,1,7,6
1414,1,2,9
1415,7,2,8
1417,9,8,7
1419,8,0,6
1420,4,0,9
1423,4,3,6
1424,9,6,3
1426,7,8,0
1427,9,5,6
1428,7,4,8
1430,8,2,6
1431,4,2,3
1432,9,6,6
1434,0,6,6
1435,1,6,8
1437,1,0,6
1439,9,5,6
1440,0,2,9
1441,4,0,5
1442,3,5,7
1444,1,0,8
1446,0,6,6
1447,8,0,6
1448,4,5,3
1456,2,5,4
1457,1,8,6
1458,1,8,8
1459,8,6,6
1461,0,4,8
1463,0,6,8
1464,1,6,6
1465,9,0,6
1466,7,5,0
1467,1,7,6
1468,3,4,1
1470,7,5,9
1471,8,0,6
1472,7,0,6
1473,7,2,3
1475,9,0,6
1476,7,5,4
1477,7,8,3
1478,7,8,8
1480,1,2,6
1481,2,5,6
1486,7,0,5
1487,9,0,8
1488,8,7,1
1490,8,7,6
1493,1,5,6
1494,7,2,3
1495,2,4,6
1497,8,2,2
1502,2,5,6
1504,1,2,6
1505,2,5,1
1508,8,7,6
1510,8,2,6
1511,1,6,8
1512,8,2,1
1513,6,5,7
1514,0,6,6
1516,4,5,3
1517,1,7,9
1520,7,5,3
1521,7,4,4
1523,4,5,7
1524,3,2,1
1526,4,5,5
1528,2,5,6
1529,4,5,5
1530,3,2,6
1531,7,4,3
1532,8,2,6
1534,4,5,6
1537,4,5,8
1539,2,8,8
1540,8,7,6
1541,4,5,6
1544,4,8,7
1545,1,6,6
1546,4,5,6
1549,1,2,6
1552,3,2,8
1553,4,0,7
1554,4,2,1
1555,0,2,6
1557,8,7,1
1558,4,5,6
1559,5,4,8
1560,7,5,8
1561,5,4,6
1563,9,6,6
1564,1,7,6
1567,2,5,3
1568,0,6,6
1569,1,2,8
1573,0,8,8
1575,2,5,7
1576,7,2,3
1577,5,4,3
1579,0,6,6
1581,2,5,6
1582,9,0,6
1583,1,2,6
1584,7,2,3
1585,7,4,4
1587,2,6,6
1591,1,7,6
1593,3,5,7
1596,0,8,6
1597,3,4,1
1599,5,2,3
1601,9,6,6
1602,7,2,9
1603,3,4,6
1604,1,2,9
1606,3,5,6
1608,4,5,7
1609,4,0,6
1611,3,5,7
1612,3,2,6
1613,8,2,6
1614,1,2,6
1615,7,8,3
1616,7,0,0
1617,0,6,3
1618,7,4,8
1621,1,6,8
1622,4,5,6
1623,2,5,6
1624,4,5,7
1625,3,2,6
1626,9,6,6
1627,9,0,6
1629,9,0,8
1630,9,2,6
1631,1,2,6
1632,8,2,3
1633,1,2,6
1635,7,4,9
1636,5,4,6
1638,4,5,7
1639,9,0,6
1643,9,6,6
1644,2,0,6
1646,0,7,6
1647,7,5,4
1648,8,0,6
1651,0,8,3
1652,0,2,6
1653,9,6,6
1654,9,6,6
1655,8,7,6
1656,2,5,6
1659,8,2,6
1660,3,4,6
1662,3,5,6
1664,0,2,8
1668,9,2,8
1671,8,2,6
1676,8,7,9
1677,1,6,6
1678,2,5,6
1682,7,4,9
1683,8,0,3
1686,0,6,6
1687,8,2,6
1689,9,6,6
1692,9,0,6
1694,0,2,6
1695,9,0,6
1697,9,7,6
1699,7,2,9
1700,5,4,3
1702,9,2,6
1703,5,2,1
1704,3,7,8
1705,0,2,6
1706,1,2,6
1707,9,0,8
1708,7,2,6
1709,2,5,6
1710,4,5,8
1711,1,7,6
1712,0,6,6
1715,3,2,4
1716,1,0,3
1717,7,4,4
1719,0,8,6
1725,0,7,6
1726,0,6,8
1727,9,6,6
1728,0,8,6
1729,8,7,6
1733,3,5,0
1734,9,2,6
1735,0,2,8
1738,5,4,1
1740,1,7,8
1742,8,7,6
1743,1,7,6
1746,2,8,6
1747,1,7,9
1748,0,6,6
1749,2,5,8
1750,8,7,6
1751,1,0,6
1754,7,2,5
1755,7,5,1
1757,6,0,3
1758,2,5,6
1761,1,2,3
1762,4,2,3
1763,2,5,6
1770,7,5,4
1771,2,5,7
1773,5,2,8
1775,3,5,6
1776,0,8,6
1777,4,2,9
1778,8,6,6
1780,7,2,6
1782,3,2,0
1783,8,7,9
1784,1,2,6
1785,0,8,6
1786,1,8,6
1789,0,8,1
1790,7,0,3
1791,4,0,7
1792,9,0,6
1793,5,2,3
1794,3,4,5
1796,0,6,6
1797,1,7,6
1800,4,0,6
1801,4,5,1
1805,8,2,7
1806,1,2,6
1807,5,4,3
1808,9,0,6
1809,8,7,6
1810,1,2,9
1811,1,7,9
1813,3,2,1
1814,9,6,8
1815,9,0,6
1818,5,4,7
1819,0,8,6
1820,8,7,6
1822,7,2,6
1824,9,0,6
1825,2,5,7
1826,8,7,1
1829,1,2,8
1831,9,2,6
1833,8,2,6
1834,9,0,6
1838,6,4,8
1839,7,5,3
1840,8,5,6
1841,9,7,8
1843,8,0,6
1844,9,6,6
1845,7,3,4
1846,2,5,1
1848,3,4,0
1849,7,5,8
1851,0,6,9
1852,2,0,1
1853,9,0,6
1856,8,7,9
1860,8,6,1
1861,3,2,6
1864,7,5,4
1865,7,8,4
1866,8,7,6
1867,6,0,2
1869,8,0,6
1871,3,2,6
1874,8,7,6
1875,0,6,6
1878,7,4,9
1879,0,6,6
1880,1,6,6
1881,9,6,6
1882,1,6,6
1886,8,4,6
1887,3,5,0
1888,2,0,6
1889,9,8,6
1890,6,0,7
1891,8,0,6
1893,9,0,6
1894,3,2,0
1896,9,7,6
1897,8,0,6
1899,7,5,3
1900,8,7,6
1901,5,2,8
1902,0,5,6
1903,0,8,6
1904,1,7,8
1906,9,6,6
1907,1,2,3
1909,3,4,7
1912,0,6,3
1913,9,6,6
1914,9,5,6
1915,9,6,4
1916,9,5,6
1917,8,7,6
1920,2,5,0
1921,2,8,6
1923,1,2,6
1926,0,4,8
1929,2,5,6
1930,1,2,8
1932,0,5,6
1942,2,5,6
1943,8,7,9
1944,4,0,7
1946,8,0,9
1947,3,2,6
1948,5,2,1
1949,0,2,6
1950,5,4,1
1951,7,9,3
1952,4,3,7
1953,4,5,6
1956,7,8,3
1959,0,6,6
1960,2,5,6
1961,7,4,8
1963,2,7,6
1964,3,5,1
1965,0,4,6
1966,7,8,3
1967,7,8,8
1968,8,7,7
1970,1,6,6
1979,3,2,1
1980,9,0,6
1981,3,4,6
1984,7,4,4
1985,6,5,8
1987,9,0,6
1988,5,2,7
1991,1,2,8
1993,3,5,5
1995,2,5,5
1997,9,6,8
1999,5,4,6
2000,1,0,6
2001,5,3,4
2004,7,5,8
2006,7,4,3
2008,9,0,4
2009,1,2,8
2012,5,2,8
2013,6,2,2
2014,8,7,6
2015,4,0,6
2019,9,6,6
2020,9,7,6
2022,5,2,1
2023,5,4,8
2027,9,6,6
2028,7,5,8
2030,4,0,7
2031,1,2,6
2038,2,7,6
2039,8,5,6
2040,0,6,6
2041,0,7,8
2042,1,7,6
2044,3,5,0
2045,1,8,6
2048,8,6,6
2050,8,7,6
2052,8,0,3
2053,6,0,2
2055,5,4,0
2057,5,2,7
2058,0,7,6
2062,7,0,4
2063,1,0,8
2064,8,7,6
2068,3,2,6
2071,9,6,6
2073,2,3,6
2074,2,5,7
2075,4,0,3
2077,0,8,6
2079,0,8,1
2081,3,5,9
2084,7,4,4
2085,0,6,6
2086,1,2,6
2087,0,8,6
2088,7,5,3
2091,0,8,8
2092,1,2,6
2095,0,8,4
2099,1,7,6
2102,0,9,9
2103,1,6,6
2107,3,2,6
2109,0,8,1
2112,1,6,8
2113,0,6,6
2115,5,2,8
2116,9,0,6
2117,7,0,4
2118,8,7,9
2122,0,7,6
2123,2,5,6
2124,0,6,6
2126,9,2,6
2130,0,6,6
2131,7,4,8
2133,3,5,1
2135,8,0,6
2137,2,5,7
2139,8,6,6
2140,9,0,6
2141,7,2,3
2142,1,0,8
2143,9,0,6
2146,2,5,1
2147,7,5,0
2148,9,0,6
2150,9,6,6
2152,7,0,3
2153,8,7,6
2155,9,0,6
2156,8,0,7
2158,9,6,3
2160,0,6,8
2162,5,2,7
2164,1,0,8
2166,0,8,8
2167,7,5,5
2169,8,7,1
2170,2,6,6
2176,1,7,6
2177,9,6,6
2179,1,2,8
2180,4,0,6
2182,4,5,3
2184,9,0,6
2185,0,8,6
2187,5,2,8
2188,9,0,6
2189,2,5,6
2196,8,6,6
2198,8,2,9
2199,2,5,6
2202,9,6,6
2204,9,0,6
2206,1,2,6
2207,3,5,7
2211,7,9,3
2212,2,5,6
2214,4,5,5
2215,0,4,6
2217,8,7,9
2220,1,6,8
2221,2,8,7
2224,1,6,6
2225,7,4,9
2227,8,0,1
2228,7,5,3
2229,4,0,5
2230,3,5,7
2231,3,5,1
2234,7,8,3
2235,2,5,6
2236,5,2,4
2239,7,2,9
2240,9,7,6
2241,0,5,6
2243,3,0,5
2244,9,2,6
2248,0,6,3
2249,0,6,9
2250,7,2,4
2252,3,5,6
2253,3,2,8
2254,8,7,7
2256,4,5,8
2258,1,2,5
2260,4,5,7
2261,3,2,6
2266,8,4,7
2269,3,5,1
2272,7,5,8
2273,5,2,3
2274,1,2,6
2277,5,2,7
2278,9,5,6
2279,9,0,6
2282,9,6,6
2284,8,0,6
2289,1,6,8
2290,9,0,8
2291,5,4,8
2294,1,2,6
2295,8,1,1
2296,9,6,6
2297,7,2,4
2298,0,7,6
2301,2,5,1
2302,0,8,6
2303,2,5,6
2305,9,8,6
2307,9,2,6
2308,1,2,8
2312,2,5,5
2314,3,2,6
2317,5,3,1
2319,7,4,4
2322,0,6,6
2323,8,0,6
2326,7,5,8
2328,7,3,3
2330,0,6,6
2334,1,0,6
2336,9,6,6
2337,7,2,3
2339,2,5,6
2340,7,8,8
2341,0,8,6
2345,1,2,8
2346,1,6,8
2347,8,4,6
2351,1,2,6
2352,2,5,5
2354,8,7,3
2355,9,6,8
2356,8,2,1
2357,1,7,8
2360,7,4,4
2365,7,2,6
2366,9,7,6
2367,4,2,5
2368,0,6,6
2369,1,7,6
2370,0,6,6
2372,5,2,1
2373,0,6,6
2374,8,0,6
2375,0,7,6
2376,7,8,3
2377,6,5,3
2378,1,2,9
2382,9,7,6
2384,5,7,8
2386,4,2,3
2387,9,0,8
2388,0,6,8
2390,1,5,5
2391,2,5,3
2393,1,4,6
2395,7,5,8
2398,8,7,6
2399,8,7,1
2401,3,2,8
2402,9,0,6
2404,0,5,5
2406,4,0,5
2407,9,6,6
2408,2,5,8
2409,4,5,7
2410,3,2,1
2411,0,6,1
2417,7,4,9
2418,8,2,6
2420,8,2,6
2421,8,7,6
2424,8,0,6
2425,0,6,8
2429,8,7,2
2430,7,5,9
2431,8,0,6
2432,9,0,6
2433,9,6,6
2434,0,6,9
2437,8,6,2
2438,1,7,6
2439,1,8,8
2441,4,3,3
2443,2,3,6
2446,9,6,6
2448,2,5,7
2449,4,5,7
2450,1,7,8
2451,8,2,6
2454,1,2,6
2456,8,7,6
2460,9,2,6
2461,0,8,6
2462,1,7,6
2463,0,7,6
2465,9,2,6
2467,9,2,6
2468,0,2,8
2469,9,0,6
2470,7,5,3
2476,8,2,9
2477,1,7,8
2478,6,4,7
2480,8,2,6
2481,7,8,5
2483,2,5,1
2484,1,2,8
2490,0,6,1
2491,9,7,6
2492,8,7,3
2493,9,2,6
2496,9,6,6
2501,4,5,6
2502,8,7,6
2503,8,7,7
2504,1,6,6
2506,3,2,7
2507,0,6,1
2508,6,4,7
2510,4,5,7
2513,2,5,6
2517,9,7,6
2518,7,9,4
2520,1,2,6
2522,1,0,6
2523,4,5,3
2524,3,2,7
2527,8,5,3
2528,9,0,6
2529,3,2,6
2534,9,0,6
2539,8,7,6
2541,1,0,8
2543,3,4,0
2544,2,5,6
2545,4,0,3
2546,8,0,6
2547,4,5,6
2548,0,8,6
2549,6,0,7
2551,2,0,6
2552,9,4,6
2553,8,0,6
2555,7,8,6
2557,2,5,7
2559,7,5,3
2560,7,2,3
2566,2,5,6
2569,0,8,6
2571,9,3,6
2574,8,7,6
2575,5,4,8
2578,8,2,6
2579,8,2,6
2583,7,0,3
2587,0,6,8
2588,4,2,3
2589,0,6,6
2591,8,2,6
2593,8,7,6
2594,0,6,8
2595,4,0,7
2596,9,6,8
2598,3,4,7
2601,1,8,6
2603,0,8,8
2604,8,2,6
2606,3,2,5
2607,1,2,8
2608,4,5,7
2610,2,5,6
2613,6,2,3
2614,0,8,6
2615,7,5,4
2616,1,2,9
2617,3,5,1
2620,1,6,6
2621,8,7,6
2622,0,8,6
2623,4,0,2
2624,8,2,9
2625,2,8,0
2628,0,7,6
2633,3,2,1
2634,1,6,6
2636,1,2,6
2638,4,5,7
2640,7,8,4
2641,4,2,7
2644,8,4,6
2645,1,7,6
2646,3,5,6
2647,1,2,6
2649,6,2,0
2651,5,4,8
2652,7,4,9
2654,5,4,7
2655,4,0,3
2656,9,0,6
2658,7,8,3
2660,3,5,0
2663,7,5,4
2664,4,5,3
2665,1,5,6
2667,1,2,8
2668,0,8,2
2670,9,0,8
2672,0,6,6
2674,0,8,3
2677,7,5,9
2678,0,8,6
2679,0,8,6
2680,0,6,6
2681,0,2,8
2682,7,8,3
2684,3,2,6
2686,7,5,3
2687,8,7,9
2691,2,5,6
2692,8,7,6
2693,9,0,6
2694,1,2,8
2697,0,6,6
2698,3,5,8
2699,4,5,3
2700,9,2,6
2701,1,6,6
2705,8,7,6
2708,4,5,6
2710,7,0,8
2712,1,8,3
2713,8,7,6
2715,0,6,6
2717,0,6,6
2721,8,2,2
2724,0,6,6
2725,8,0,6
2726,5,2,1
2727,9,8,6
2728,2,5,6
2731,5,2,7
2732,7,4,3
2734,7,4,3
2735,2,5,6
2737,8,6,9
2739,2,5,6
2740,1,2,8
2743,9,0,6
2744,9,0,6
2745,8,7,9
2746,2,0,6
2748,1,7,6
2749,0,8,6
2753,7,5,8
2756,9,6,3
2757,1,2,6
2758,1,6,8
2759,3,5,6
2761,7,4,9
2764,1,2,8
2765,9,6,6
2771,7,4,9
2773,1,7,6
2776,7,2,8
2780,7,4,9
2783,0,6,6
2784,1,6,8
2785,4,5,5
2787,3,2,6
2789,9,2,6
2790,8,7,6
2791,7,5,4
2792,0,7,6
2793,9,6,6
2794,0,2,9
2796,7,4,9
2799,8,7,6
2800,4,5,7
2801,5,2,1
2803,5,4,8
2807,9,0,6
2812,0,7,6
2813,1,2,6
2814,1,2,3
2816,7,4,9
2817,9,0,6
2819,1,2,6
2822,3,5,6
2823,3,5,6
2824,7,8,3
2825,2,5,7
2826,4,0,7
2832,3,2,7
2833,0,6,6
2834,4,5,6
2836,3,4,7
2837,8,6,9
2838,1,7,8
2841,2,0,3
2842,7,8,8
2845,5,2,7
2850,5,4,8
2852,2,5,6
2853,9,0,6
2856,2,5,6
2857,0,6,6
2858,4,5,3
2859,1,7,8
2861,5,4,6
2862,6,2,7
2866,9,0,6
2868,9,2,5
2869,4,8,5
2870,8,2,6
2871,3,4,7
2872,1,0,8
2873,9,0,3
2874,8,7,9
2875,1,8,6
2876,9,8,6
2877,0,4,6
2878,3,4,7
2879,0,7,6
2881,7,0,8
2882,7,4,8
2883,2,5,6
2885,5,2,8
2887,9,7,8
2889,7,2,6
2891,7,4,3
2892,0,4,4
2893,8,7,6
2896,8,4,3
2897,3,2,6
2898,8,2,6
2899,9,6,8
2901,2,8,6
2902,9,6,8
2903,2,5,0
2904,7,8,0
2906,1,2,8
2907,9,6,6
2908,7,5,4
2909,0,8,6
2910,8,2,6
2911,1,7,6
2912,2,0,7
2915,5,2,8
2916,1,0,6
2918,2,5,1
2919,8,7,3
2921,8,7,6
2922,3,5,6
2924,1,2,8
2926,9,0,6
2927,8,7,6
2928,1,2,6
2929,1,6,6
2931,9,3,6
2932,9,0,6
2935,8,0,6
2936,5,4,8
2938,2,5,6
2939,2,5,3
2943,1,2,6
2944,9,0,6
2945,7,0,3
2946,9,2,6
2947,1,2,8
2949,3,5,8
2950,1,0,6
2952,3,2,1
2953,8,7,6
2954,9,0,6
2963,3,5,1
2964,0,8,6
2965,7,4,3
2966,0,8,6
2967,7,4,3
2968,0,8,6
2971,4,5,7
2972,3,4,6
2973,0,6,8
2974,9,0,6
2976,0,8,8
2979,0,6,6
2980,8,2,6
2984,2,5,6
2990,4,0,3
2993,0,6,6
2994,8,7,3
2995,4,0,3
2998,5,2,1
3001,1,7,8
3002,7,4,4
3003,2,6,6
3004,4,2,3
3005,0,2,6
3006,5,3,1
3008,8,7,6
3009,7,5,9
3011,3,2,6
3016,4,5,7
3017,5,2,8
3018,5,4,6
3020,1,2,6
3021,8,2,6
3022,7,4,8
3023,3,7,7
3024,0,6,3
3027,1,6,6
3028,1,2,6
3029,1,6,5
3031,7,4,9
3032,2,6,6
3033,1,5,8
3035,3,4,6
3036,9,0,6
3037,8,0,7
3039,1,6,8
3040,7,8,4
3043,4,5,7
3044,7,3,4
3045,5,2,3
3046,8,7,6
3048,0,8,6
3049,3,2,7
3050,0,6,6
3055,9,0,6
3058,1,6,6
3060,7,4,3
3061,7,2,4
3062,9,2,6
3063,0,6,6
3064,1,2,8
3065,3,2,7
3066,1,8,8
3071,7,2,8
3073,3,2,6
3074,1,2,6
3076,2,5,6
3077,1,2,6
3078,8,7,9
3080,1,7,6
3082,7,8,3
3086,9,6,8
3089,8,6,6
3090,4,5,0
3092,5,4,6
3093,7,2,4
3095,4,5,6
3096,7,2,8
3098,4,5,3
3099,9,0,6
3100,0,8,1
3101,7,4,3
3102,0,5,6
3104,7,8,3
3105,1,5,6
3106,8,2,1
3108,8,0,6
3109,8,7,6
3111,0,8,9
3112,0,7,9
3113,3,5,6
3114,2,0,9
3116,7,5,5
3118,6,0,8
3119,4,0,0
3121,9,0,6
3122,1,4,6
3123,8,7,7
3125,3,4,7
3126,9,0,6
3128,9,0,6
3133,9,0,3
3134,7,2,5
3137,5,4,8
3138,8,7,6
3140,8,7,4
3141,9,0,8
3143,3,4,0
3144,1,7,6
3145,9,4,6
3147,2,5,6
3148,0,6,8
3149,1,6,6
3150,1,6,6
3151,8,7,6
3152,1,2,6
3153,1,7,8
3155,8,0,9
3156,9,0,6
3157,9,0,6
3159,2,4,6
3160,6,2,3
3161,9,2,6
3162,1,0,6
3163,9,2,8
3165,1,5,6
3166,9,0,6
3167,2,7,6
3169,9,0,6
3170,9,2,6
3172,9,7,6
3173,9,5,6
3175,1,2,3
3176,7,8,8
3177,0,8,6
3181,9,6,6
3182,8,7,6
3184,0,6,6
3187,7,8,3
3188,4,8,5
3189,8,2,7
3190,3,2,7
3191,0,8,6
3194,3,5,1
3203,4,0,1
3205,8,2,6
3206,8,7,9
3207,0,6,8
3208,9,0,3
3210,9,6,6
3213,9,0,6
3215,1,2,6
3217,7,2,8
3219,0,6,6
3223,7,4,9
3225,9,0,6
3227,2,5,7
3228,3,2,6
3229,9,2,6
3230,3,2,5
3233,8,7,2
3237,9,4,6
3238,6,5,7
3239,1,2,6
3241,7,5,3
3243,8,7,6
3244,7,8,8
3245,7,5,3
3248,0,8,6
3249,3,5,7
3250,2,5,7
3253,9,0,8
3254,3,6,6
3257,7,5,3
3258,0,2,8
3259,3,4,6
3260,7,8,8
3261,0,6,6
3263,1,2,8
3265,8,7,1
3266,7,0,3
3268,5,2,8
3269,7,0,8
3270,8,0,9
3272,7,0,4
3273,8,7,6
3274,1,3,8
3277,7,4,9
3278,0,8,6
3279,8,7,6
3280,3,2,7
3281,2,5,6
3282,9,2,6
3283,7,2,0
3285,1,7,3
3288,9,6,6
3289,8,2,6
3292,4,5,7
3293,1,7,6
3294,0,8,6
3295,9,6,6
3296,4,3,5
3298,3,4,7
3300,4,0,0
3301,8,7,9
3302,0,8,8
3303,8,2,1
3304,2,5,6
3305,9,6,6
3306,5,3,7
3307,9,6,6
3308,7,5,6
3309,4,0,6
3311,7,2,8
3314,9,6,8
3315,3,2,6
3316,7,5,8
3317,7,5,3
3318,8,2,9
3323,5,2,8
3326,4,5,6
3327,7,2,9
3329,3,5,7
3330,7,5,9
3331,8,7,6
3332,7,5,4
3333,2,8,6
3335,0,4,6
3337,7,2,9
3338,0,6,6
3339,9,2,6
3341,1,7,8
3343,3,5,8
3344,9,0,8
3345,7,2,9
3347,9,0,6
3348,1,7,8
3351,1,7,8
3352,2,0,5
3355,5,4,6
3358,9,6,6
3359,7,5,3
3360,4,8,6
3361,4,8,3
3362,1,0,8
3364,4,0,5
3365,9,6,6
3367,7,0,8
3368,9,0,6
3370,1,2,9
3372,1,7,6
3375,4,5,6
3377,7,2,4
3380,8,2,6
3383,8,7,6
3385,8,7,6
3386,2,5,6
3389,1,0,8
3392,1,0,9
3393,5,2,7
3394,1,6,6
3395,9,0,6
3396,0,2,6
3397,9,2,8
3398,2,8,6
3403,8,6,6
3404,5,4,1
3405,7,8,3
3407,1,2,9
3409,9,6,6
3412,0,6,6
3413,3,2,1
3414,3,7,1
3415,7,2,9
3418,1,0,8
3421,0,8,6
3423,8,0,6
3424,5,4,7
3426,0,7,6
3429,0,8,6
3435,6,2,3
3436,4,5,6
3437,7,5,9
3438,9,6,6
3441,0,6,9
3444,0,8,6
3445,0,8,6
3447,4,5,7
3449,1,2,8
3453,2,5,6
3454,2,8,6
3456,3,2,7
3457,4,9,1
3460,1,2,6
3463,3,5,8
3464,9,6,6
3467,0,8,6
3468,2,5,6
3469,9,0,6
3471,1,6,6
3472,7,0,8
3475,0,5,1
3476,8,2,6
3478,4,0,1
3479,3,2,1
3480,2,8,6
3481,7,5,3
3482,7,4,6
3483,0,7,6
3485,1,8,6
3487,5,4,8
3488,1,2,8
3489,3,5,6
3492,9,0,7
3493,0,7,6
3495,2,7,6
3498,4,0,6
3499,0,8,8
3500,1,2,6
3502,8,2,3
3504,9,0,6
3506,2,5,6
3507,4,0,5
3508,3,2,1
3509,3,2,2
3511,0,4,6
3512,4,0,1
3513,3,5,6
3515,8,2,6
3516,9,0,6
3517,1,2,6
3519,8,2,9
3520,1,6,6
3521,8,6,6
3522,2,5,6
3525,2,5,6
3526,4,2,5
3527,1,2,8
3528,1,6,9
3532,5,7,7
3533,2,5,6
3535,5,4,8
3536,0,7,9
3537,8,7,6
3538,2,5,6
3539,3,2,7
3542,9,0,6
3545,4,5,3
3547,9,6,6
3548,0,6,9
3549,1,0,3
3551,0,7,4
3552,8,7,6
3553,1,2,6
3554,1,2,8
3558,5,4,8
3559,4,5,6
3565,1,7,6
3566,7,2,4
3568,0,8,6
3569,9,0,6
3572,3,2,6
3573,2,6,9
3576,4,5,8
3577,9,6,6
3578,7,5,6
3579,1,2,8
3580,4,5,7
3583,1,2,9
3585,8,7,9
3586,8,7,3
3587,0,2,6
3590,7,8,4
3592,7,4,3
3593,2,5,0
3595,2,5,5
3599,7,4,3
3601,0,5,6
3602,3,4,7
3604,2,6,6
3606,3,7,7
3609,9,0,6
3612,1,7,6
3617,3,5,7
3619,1,2,8
3620,0,5,6
3622,5,3,0
3626,9,0,6
3627,4,5,3
3632,1,6,8
3633,3,4,7
3635,4,8,7
3636,4,2,6
3637,2,0,8
3638,9,2,6
3639,7,9,3
3641,8,2,6
3642,1,7,8
3643,8,5,6
3644,9,6,6
3647,1,2,3
3648,7,8,9
3649,3,2,6
3650,0,6,3
3651,0,6,6
3652,2,8,6
3653,8,2,1
3654,3,5,7
3655,9,6,6
3657,7,0,6
3660,0,6,6
3661,1,7,8
3663,1,7,6
3670,9,0,6
3671,4,5,3
3674,3,2,7
3677,4,2,6
3678,1,6,8
3679,0,6,6
3680,0,6,6
3681,2,5,5
3684,9,0,6
3686,8,0,6
3687,9,0,8
3689,7,8,4
3690,9,5,3
3691,1,2,6
3692,4,0,6
3694,2,8,6
3695,8,5,9
3697,4,5,7
3698,8,0,6
3699,9,2,6
3701,1,2,6
3704,5,2,6
3705,8,7,6
3706,4,2,7
3710,2,5,9
3712,4,5,7
3714,3,2,5
3715,1,6,6
3718,8,2,7
3720,2,5,1
3723,1,2,6
3725,2,8,6
3727,9,6,6
3729,8,7,6
3730,1,2,6
3732,9,7,6
3734,7,5,3
3736,3,4,8
3738,9,0,6
3739,7,0,3
3740,0,8,6
3742,9,2,6
3744,4,2,7
3745,1,6,6
3747,9,0,6
3748,5,0,8
3749,8,6,2
3751,7,4,3
3756,7,0,3
3759,4,5,1
3760,7,5,3
3762,1,6,8
3763,8,6,6
3764,1,7,8
3765,0,5,6
3768,1,2,6
3769,9,3,6
3776,9,6,8
3777,7,2,3
3779,3,6,6
3782,0,2,9
3784,5,2,6
3786,7,5,1
3788,7,5,8
3790,4,2,3
3791,2,5,6
3792,0,8,8
3794,1,6,6
3795,7,5,3
3796,5,2,1
3798,5,2,1
3800,9,0,6
3801,2,5,0
3802,7,5,8
3803,8,2,9
3805,9,0,6
3806,5,4,7
3807,8,0,6
3811,7,5,3
3813,8,7,1
3814,1,2,8
3815,2,8,6
3817,8,6,1
3818,9,0,6
3820,0,6,6
3823,0,6,6
3824,2,5,3
3825,0,8,3
3826,1,4,6
3830,5,4,1
3832,7,0,3
3833,9,6,6
3834,8,2,6
3836,7,8,8
3837,9,0,6
3838,1,2,9
3841,9,0,6
3842,8,6,6
3843,7,3,3
3845,0,6,6
3846,9,2,6
3847,0,6,6
3848,8,0,6
3850,9,0,8
3853,9,2,7
3854,8,0,2
3855,1,6,6
3856,9,0,5
3857,1,7,9
3858,8,0,6
3859,3,2,6
3860,7,5,4
3862,4,5,6
3863,2,6,7
3864,3,8,7
3865,7,5,4
3866,0,6,6
3869,8,7,9
3870,8,2,6
3871,8,2,2
3872,7,4,6
3873,9,6,8
3876,7,4,3
3879,7,8,8
3881,7,4,9
3882,1,2,6
3883,7,2,5
3885,6,5,1
3886,8,7,6
3891,1,4,8
3893,9,6,6
3894,7,2,4
3896,7,2,3
3897,0,2,6
3898,1,6,6
3902,9,8,8
3903,0,8,6
3904,1,6,8
3905,2,5,3
3907,2,5,4
3909,5,2,8
3911,9,6,6
3912,8,0,6
3913,7,5,8
3915,4,5,3
3916,9,0,6
3919,7,2,4
3920,7,5,1
3921,1,7,6
3922,2,5,6
3923,3,4,7
3924,5,4,6
3925,1,2,6
3926,9,6,6
3927,0,1,6
3929,3,4,1
3930,1,2,6
3933,6,0,7
3937,8,0,6
3938,8,6,2
3939,9,2,6
3941,6,5,3
3942,1,2,6
3943,0,4,8
3944,7,4,8
3946,8,7,1
3947,2,5,7
3951,1,6,8
3955,0,6,6
3956,3,5,6
3958,9,6,6
3960,2,5,3
3961,8,6,6
3963,1,2,8
3965,0,6,6
3966,4,5,3
3968,8,7,6
3969,2,8,3
3971,0,6,6
3972,7,4,8
3973,9,0,3
3974,8,7,2
3975,7,5,8
3976,1,2,8
3978,2,5,3
3979,9,0,6
3981,5,4,1
3982,9,6,6
3985,7,5,3
3986,7,5,0
3987,1,6,6
3988,1,7,6
3989,2,5,0
3990,4,5,3
3991,2,5,6
3992,0,8,6
3994,8,2,6
3996,6,2,3
3999,9,6,6
4001,2,4,7
4005,5,4,7
4006,8,7,6
4008,8,2,1
4010,7,2,8
4011,7,5,8
4014,8,2,6
4015,1,7,9
4018,9,8,6
4019,7,9,3
4020,8,7,6
4021,9,0,6
4024,8,7,3
4025,1,4,9
4026,9,0,6
4027,4,5,3
4028,0,6,8
4030,1,2,8
4031,4,0,6
4034,2,5,6
4035,2,5,7
4037,0,7,6
4040,0,8,6
4041,7,0,3
4043,3,2,0
4045,7,2,3
4046,7,8,9
4048,5,4,9
4049,4,0,3
4050,3,5,6
4055,1,6,6
4056,0,8,8
4057,7,5,6
4059,1,2,8
4061,5,4,6
4062,0,6,6
4063,7,4,9
4064,7,4,8
4067,1,2,8
4068,8,2,6
4070,9,0,6
4071,3,4,6
4072,5,2,6
4073,6,5,7
4074,2,5,6
4075,2,5,7
4076,7,4,3
4078,5,2,7
4080,1,7,6
4081,0,6,8
4083,8,0,1
4084,7,4,3
4086,8,7,9
4088,7,2,9
4090,4,5,3
4095,8,5,9
4096,8,7,9
4100,7,5,3
4101,2,8,5
4102,0,6,6
4103,8,2,6
4104,0,5,6
4105,7,4,8
4107,3,5,7
4110,2,6,6
4113,0,6,6
4115,8,0,0
4116,2,5,6
4118,0,6,6
4120,4,8,6
4123,0,5,6
4124,8,7,6
4126,0,5,1
4128,1,7,8
4129,1,7,3
4131,1,0,6
4132,4,5,6
4133,2,3,6
4134,1,2,8
4136,2,5,6
4138,4,0,8
4141,8,6,6
4142,8,2,6
4144,1,6,6
4145,8,7,6
4146,2,9,7
4149,9,4,6
4154,7,2,4
4156,3,2,1
4158,7,4,0
4159,4,2,3
4162,0,6,4
4164,1,6,3
4165,8,7,6
4167,0,5,8
4168,9,6,6
4169,3,4,1
4170,1,2,9
4175,3,2,7
4176,3,4,0
4178,7,5,3
4180,0,8,1
4181,0,5,6
4182,5,2,1
4184,4,5,6
4185,7,8,4
4186,7,4,3
4187,0,8,4
4188,6,0,7
4189,1,8,8
4191,9,0,6
4192,0,6,6
4193,9,6,6
4194,0,6,6
4195,3,2,6
4196,8,7,6
4197,4,0,0
4199,8,0,7
4200,4,5,9
4201,1,7,8
4203,2,8,6
4206,1,2,9
4207,1,7,8
4208,2,5,0
4209,4,0,5
4212,1,2,8
4215,1,5,9
4216,0,8,1
4217,0,2,8
4218,9,0,6
4219,0,4,6
4221,2,7,6
4222,8,2,7
4226,0,6,6
4227,4,2,7
4228,0,8,6
4231,2,8,6
4234,2,5,6
4235,9,0,3
4236,1,6,6
4237,1,0,6
4239,4,5,7
4240,7,8,4
4245,1,6,8
4248,3,4,6
4250,1,0,8
4251,8,2,6
4252,9,0,6
4253,9,0,8
4254,8,0,6
4255,9,8,6
4256,8,7,6
4257,6,0,8
4258,8,0,6
4260,8,7,6
4262,4,5,6
4264,2,5,5
4267,7,4,4
4268,4,0,7
4269,0,2,6
4270,0,2,6
4271,1,7,6
4272,7,4,3
4274,1,2,3
4275,5,4,8
4277,3,4,1
4278,1,2,9
4282,3,2,8
4283,6,0,7
4284,9,8,6
4285,1,4,8
4288,1,2,6
4289,7,0,6
4290,2,7,1
4292,1,2,6
4293,9,2,6
4294,0,2,6
4295,0,6,3
4297,9,6,6
4298,9,2,6
4300,8,7,6
4303,5,2,6
4305,0,6,6
4308,0,2,6
4310,4,5,6
4311,7,0,4
4314,1,6,8
4316,8,0,6
4317,8,7,6
4318,1,2,6
4320,1,7,8
4324,9,7,6
4326,7,5,3
4327,1,2,6
4328,0,8,6
4330,9,7,6
4333,7,5,8
4335,9,7,6
4336,9,0,6
4337,1,2,3
4338,9,6,6
4339,7,4,3
4340,0,8,6
4342,3,5,1
4344,4,5,1
4346,3,4,6
4347,8,7,3
4348,8,7,2
4349,0,6,6
4350,4,0,8
4351,8,7,6
4354,7,2,8
4356,0,8,8
4357,4,5,6
4358,5,2,1
4359,2,8,7
4361,8,2,6
4362,4,8,6
4363,9,0,6
4364,9,2,6
4365,9,0,6
4366,2,0,3
4369,2,5,8
4370,8,0,6
4371,1,2,8
4372,1,2,9
4373,0,6,8
4374,0,8,1
4375,3,4,1
4377,4,2,3
4378,1,0,6
4379,1,2,6
4380,9,6,6
4381,7,5,6
4383,4,5,8
4384,6,2,7
4385,8,6,7
4387,0,2,7
4388,2,5,6
4389,8,7,6
4390,5,2,1
4393,3,2,8
4394,5,2,6
4395,7,5,3
4396,9,0,6
4397,8,0,6
4400,3,2,6
4401,1,8,8
4403,8,2,6
4405,6,2,2
4406,5,2,6
4408,0,2,8
4410,9,5,6
4412,7,5,4
4415,0,7,6
4417,9,6,8
4418,9,0,6
4419,0,6,6
4424,1,7,8
4425,1,6,8
4426,0,7,6
4427,2,5,3
4428,8,0,6
4429,2,5,6
4430,1,7,8
4431,1,8,9
4432,7,2,3
4434,2,3,6
4436,4,5,3
4437,1,2,6
4439,9,5,6
4440,2,4,7
4441,1,6,9
4443,4,5,7
4445,9,6,6
4446,0,4,8
4448,4,5,6
4449,9,2,3
4450,0,6,6
4452,2,5,0
4453,0,8,6
4454,6,2,7
4455,8,7,1
4456,7,4,4
4457,3,2,7
4458,3,2,1
4459,8,6,9
4460,9,2,6
4461,0,8,6
4462,2,5,9
4466,1,2,6
4467,3,2,7
4468,9,7,6
4472,4,0,3
4473,4,5,3
4474,0,6,6
4475,1,2,6
4478,1,7,3
4479,7,0,0
4480,9,6,6
4481,9,8,6
4483,2,5,7
4484,4,5,7
4487,3,5,1
4489,7,0,8
4490,0,2,6
4491,2,8,5
4492,8,7,6
4494,8,2,1
4495,3,4,0
4496,8,6,6
4497,8,6,1
4502,7,5,3
4503,7,4,3
4504,0,2,3
4506,1,6,6
4507,5,2,7
4508,9,6,6
4509,7,2,9
4510,0,8,6
4512,8,3,1
4514,9,6,6
4515,0,8,6
4517,8,7,6
4518,9,6,6
4519,6,5,3
4520,3,4,8
4521,9,5,8
4522,2,0,6
4524,4,0,1
4525,0,2,6
4526,3,2,1
4527,3,2,6
4529,4,3,7
4530,5,2,7
4531,1,2,9
4532,1,7,8
4533,8,6,9
4534,2,5,3
4536,9,8,8
4538,7,8,3
4539,8,7,1
4540,9,0,6
4543,1,6,9
4544,7,4,8
4545,3,5,1
4549,1,0,8
4556,2,5,6
4558,0,6,6
4559,3,5,1
4560,1,7,6
4561,3,5,1
4562,4,5,9
4563,7,2,8
4567,4,2,7
4568,8,0,6
4569,9,0,6
4572,2,4,7
4573,4,0,7
4577,6,4,7
4578,4,3,2
4582,8,7,3
4583,7,8,4
4585,8,2,6
4586,0,8,6
4587,5,2,8
4588,9,4,6
4591,0,6,6
4592,7,5,3
4594,1,6,6
4595,9,3,8
4596,7,5,8
4597,9,1,6
4598,1,2,6
4600,4,0,8
4601,2,5,8
4602,1,2,8
4604,4,0,3
4607,1,2,8
4608,4,5,6
4611,1,2,6
4612,7,8,3
4613,1,6,6
4619,9,0,6
4620,7,4,8
4621,8,7,6
4622,2,5,6
4625,4,0,6
4626,5,2,3
4627,4,2,3
4628,5,2,9
4629,7,2,9
4633,1,2,6
4635,7,3,8
4636,8,7,6
4639,0,2,6
4641,5,2,6
4642,2,5,3
4644,7,2,3
4647,1,7,8
4649,8,6,9
4650,6,5,7
4651,8,7,3
4652,3,4,6
4654,7,9,3
4655,7,4,1
4656,9,6,8
4657,7,5,8
4658,1,6,6
4659,4,0,3
4660,7,4,1
4663,1,2,8
4664,7,2,5
4665,3,4,1
4666,0,8,6
4667,0,6,6
4670,8,0,6
4673,0,6,6
4674,3,2,8
4675,4,0,0
4676,7,4,6
4677,4,0,3
4679,4,5,7
4680,9,0,6
4681,9,2,8
4683,4,5,3
4684,1,6,6
4688,7,2,8
4689,1,7,8
4691,2,0,0
4692,8,5,3
4693,4,0,6
4694,7,6,4
4699,5,4,8
4701,0,6,6
4704,9,0,6
4706,2,5,6
4708,3,4,7
4709,8,7,3
4713,1,2,8
4715,9,7,6
4716,9,6,3
4718,3,0,8
4719,9,0,6
4720,8,6,6
4721,1,2,9
4723,9,0,6
4724,5,4,6
4725,9,0,6
4726,0,8,6
4727,9,6,6
4728,7,5,8
4736,1,7,6
4737,9,0,6
4738,5,4,8
4741,1,2,6
4745,7,2,8
4752,1,2,3
4755,1,6,6
4759,0,8,6
4760,3,4,1
4761,9,0,6
4762,1,0,6
4763,0,8,8
4766,1,2,6
4768,9,0,6
4770,9,2,6
4771,0,6,1
4773,1,2,8
4778,6,2,7
4779,9,0,3
4780,0,4,7
4781,7,2,3
4785,3,2,6
4787,8,0,6
4789,9,0,6
4790,1,0,8
4791,9,0,6
4796,9,0,8
4797,5,4,6
4798,4,8,5
4799,1,8,9
4800,9,6,6
4801,2,5,6
4802,0,6,3
4803,7,4,8
4804,3,2,6
4806,1,6,6
4807,8,0,6
4809,0,8,6
4810,5,4,8
4812,8,2,6
4813,8,7,9
4814,3,2,8
4815,9,4,6
4816,6,2,2
4817,0,8,3
4818,3,4,8
4819,5,2,8
4820,3,2,8
4822,1,2,6
4824,0,8,6
4825,7,3,6
4827,9,0,6
4829,5,4,0
4830,3,5,6
4831,1,0,6
4832,4,0,6
4833,2,5,8
4834,4,2,3
4835,9,2,6
4836,9,0,6
4837,7,4,4
4838,1,7,6
4839,7,5,4
4840,0,7,6
4841,1,2,8
4842,2,5,6
4843,1,7,3
4845,3,4,1
4846,8,2,6
4847,4,5,7
4848,1,2,8
4850,1,7,6
4851,9,0,6
4852,9,8,6
4853,7,0,3
4854,0,8,6
4855,1,2,8
4856,7,4,9
4858,2,7,6
4863,1,0,6
4866,9,0,6
4867,9,6,6
4869,8,0,7
4870,8,0,9
4874,9,8,3
4875,1,7,6
4876,3,2,1
4878,7,2,3
4881,8,7,6
4883,2,5,8
4886,3,2,1
4890,1,2,9
4893,1,2,6
4894,6,0,7
4895,1,7,3
4896,7,2,0
4899,2,5,8
4900,3,2,6
4901,0,6,8
4904,9,5,7
4905,7,4,3
4909,0,8,6
4910,8,2,3
4911,8,5,3
4912,1,0,6
4913,1,0,9
4914,3,2,8
4915,5,4,8
4916,6,4,8
4918,3,2,6
4919,8,0,9
4920,7,4,0
4922,0,6,6
4923,7,8,4
4924,7,4,3
4927,1,0,6
4928,9,7,6
4930,1,2,6
4932,9,0,3
4933,3,4,1
4934,5,2,8
4936,3,2,6
4937,0,6,6
4939,0,8,6
4945,9,2,6
4948,1,7,8
4949,1,2,8
4950,2,5,3
4951,7,2,5
4952,9,6,6
4953,0,6,6
4957,4,3,3
4959,7,5,9
4960,4,3,5
4961,8,7,9
4963,3,5,6
4966,5,2,1
4968,0,6,6
4969,1,2,8
4971,9,6,6
4972,8,7,6
4974,7,2,3
4975,3,4,5
4977,9,2,6
4978,1,2,6
4979,9,0,6
4985,4,5,3
4987,3,2,6
4991,0,6,6
4992,1,6,6
4993,7,2,3
4998,5,4,1
4999,1,2,8
5000,7,8,3
5004,4,5,7
5005,5,4,3
5007,3,4,6
5009,7,2,9
5010,7,5,3
5013,0,5,6
5014,7,2,9
5015,2,5,7
5016,6,4,7
5017,7,6,8
5018,4,8,1
5019,1,2,8
5020,8,0,6
5021,0,8,6
5022,2,5,5
5023,2,5,6
5024,1,0,6
5027,0,6,6
5028,9,0,6
5031,4,6,9
5032,2,6,6
5033,3,2,0
5034,8,6,9
5035,5,2,8
5038,4,0,6
5039,6,0,7
5042,2,8,6
5043,0,7,8
5045,7,8,8
5046,5,2,6
5048,1,2,6
5049,7,8,9
5054,9,0,6
5055,0,6,6
5057,2,4,9
5058,1,6,6
5061,1,2,6
5063,9,0,8
5064,5,2,8
5065,0,7,6
5069,9,6,8
5070,7,5,3
5071,1,2,6
5073,8,2,2
5077,0,6,6
5078,8,7,6
5079,1,6,6
5080,7,4,8
5083,9,0,6
5085,2,5,6
5087,9,7,6
5089,6,0,7
5090,1,0,6
5091,0,8,6
5092,9,0,6
5093,0,8,3
5094,9,0,6
5095,8,6,9
5096,7,2,4
5100,3,4,6
5103,7,4,6
5104,8,6,7
5105,7,8,8
5107,9,6,8
5108,1,0,8
5109,9,6,8
5110,8,0,6
5114,7,8,4
5115,5,3,8
5116,6,5,7
5117,7,4,0
5118,2,5,1
5120,9,0,8
5123,7,2,6
5124,0,8,6
5125,1,2,6
5126,0,6,6
5127,1,7,6
5132,1,2,6
5135,1,2,8
5136,9,0,6
5137,9,0,6
5138,8,7,9
5139,6,5,7
5140,8,0,6
5142,8,7,6
5143,9,6,8
5144,0,2,1
5145,4,5,6
5147,3,4,7
5150,4,5,7
5152,9,0,6
5154,2,0,0
5156,5,2,6
5158,4,5,3
5160,0,8,8
5161,3,5,5
5164,0,6,6
5165,2,5,6
5166,9,4,6
5167,2,5,5
5168,7,8,3
5169,2,5,5
5170,9,0,6
5171,2,5,6
5173,0,7,6
5177,4,5,3
5180,9,2,8
5181,1,7,6
5184,4,0,6
5185,3,2,5
5187,4,5,6
5188,8,4,9
5189,0,8,6
5190,0,8,6
5191,3,2,9
5192,9,6,6
5194,7,2,3
5198,3,2,0
5200,3,4,8
5201,1,0,8
5202,9,0,6
5204,3,5,6
5205,8,7,1
5206,3,4,6
5209,7,4,3
5213,3,2,7
5214,1,2,8
5217,1,2,6
5220,0,7,6
5221,7,4,9
5222,5,0,7
5223,0,8,6
5225,0,6,6
5226,1,7,8
5228,3,5,6
5229,5,4,7
5230,8,2,6
5231,4,8,7
5232,3,5,6
5236,0,8,6
5237,4,5,6
5240,1,8,0
5242,0,6,6
5243,1,2,8
5244,2,5,6
5245,1,0,6
5246,7,5,4
5247,7,9,9
5248,9,0,6
5249,8,7,6
5250,7,2,8
5251,5,4,7
5252,4,5,6
5253,0,6,9
5254,9,6,6
5255,0,8,6
5256,0,6,6
5258,2,5,6
5259,0,7,6
5260,0,8,6
5261,2,8,6
5263,8,4,6
5265,2,3,7
5267,6,0,9
5268,3,4,7
5270,1,2,6
5272,3,2,7
5275,2,5,6
5276,9,6,6
5279,0,6,6
5280,0,8,6
5281,3,5,6
5283,4,5,3
5285,1,0,6
5291,9,6,6
5293,0,2,6
5294,8,0,6
5295,0,8,6
5296,4,2,3
5298,5,2,6
5299,7,4,3
5300,9,0,6
5301,7,4,8
5304,7,3,5
5306,3,4,6
5307,1,0,8
5308,9,6,6
5309,3,5,6
5312,5,2,8
5313,3,2,0
5314,7,2,1
5315,9,0,6
5316,4,3,6
5319,7,8,8
5320,7,4,0
5321,1,2,6
5322,4,5,3
5323,1,2,8
5325,8,6,6
5326,7,2,3
5329,4,3,6
5332,9,2,6
5333,7,2,9
5336,3,2,7
5341,6,0,7
5343,3,4,6
5344,2,5,7
5346,7,4,3
5347,1,2,6
5348,1,2,6
5350,9,0,6
5353,1,0,8
5355,8,7,6
5356,7,5,9
5357,0,6,6
5358,1,0,6
5360,9,1,6
5361,3,5,6
5362,2,5,3
5363,7,5,3
5365,8,2,7
5366,1,5,6
5367,0,2,3
5368,3,4,6
5371,7,5,9
5372,5,2,1
5375,1,7,6
5376,5,2,3
5378,1,2,6
5380,1,7,8
5382,0,6,6
5383,8,7,9
5386,1,6,6
5390,1,0,6
5391,9,2,8
5393,4,5,5
5394,1,7,6
5395,0,6,6
5396,1,0,6
5397,9,8,6
5400,9,6,6
5403,7,8,3
5404,2,5,6
5406,7,5,3
5408,9,0,6
5409,1,7,9
5413,3,5,1
5414,4,0,7
5417,4,0,1
5418,8,2,9
5420,6,0,7
5422,1,2,9
5424,3,5,6
5427,8,5,2
5430,7,9,8
5431,1,0,8
5432,9,0,6
5434,6,0,1
5435,7,6,6
5436,6,0,7
5438,7,0,4
5439,1,0,6
5440,9,6,6
5442,2,5,4
5444,7,0,1
5445,7,5,9
5447,5,4,1
5448,9,0,6
5449,1,7,6
5452,0,7,6
5453,2,5,9
5454,0,6,6
5461,0,6,3
5462,0,4,1
5463,5,4,8
5464,7,4,8
5465,7,5,3
5466,8,5,3
5467,5,6,9
5470,1,6,9
5472,1,2,6
5474,1,6,3
5475,0,6,8
5477,2,8,7
5478,3,2,7
5479,2,5,5
5480,1,2,6
5482,5,2,8
5483,1,3,3
5484,9,0,6
5485,8,7,9
5488,9,7,6
5489,7,4,0
5491,0,7,8
5492,2,7,6
5493,3,2,6
5494,9,2,6
5495,4,0,3
5498,9,0,6
5500,8,7,2
5503,8,2,6
5506,3,2,6
5507,6,5,8
5508,7,2,6
5509,7,4,9
5510,4,2,7
5512,9,2,1
5514,2,5,6
5517,1,2,6
5518,3,2,1
5521,9,6,6
5524,0,6,6
5525,3,4,8
5526,8,7,6
5527,7,4,8
5530,3,2,4
5531,8,7,6
5535,3,4,0
5538,7,5,8
5539,4,5,3
5541,7,4,8
5542,9,0,6
5543,0,6,6
5546,7,4,5
5551,7,8,8
5555,4,3,7
5557,4,5,6
5563,1,2,6
5565,3,4,1
5566,1,8,3
5568,7,2,8
5570,5,2,7
5574,7,5,3
5575,3,2,0
5577,2,5,3
5578,3,5,8
5579,9,0,3
5583,0,4,6
5584,0,7,6
5585,0,7,6
5587,0,7,8
5588,3,4,5
5590,4,2,7
5592,3,5,1
5593,7,4,8
5596,9,0,6
5598,1,2,6
5601,7,8,4
5602,4,5,5
5604,1,2,6
5606,7,8,4
5608,9,0,6
5610,8,0,6
5612,8,6,6
5613,5,4,1
5614,8,7,6
5618,0,6,1
5619,8,7,9
5622,1,0,3
5623,8,6,6
5624,1,2,6
5626,0,7,6
5627,9,0,6
5630,3,5,4
5633,4,5,6
5635,7,9,4
5636,4,5,5
5637,7,5,4
5638,4,0,7
5639,3,2,9
5641,4,6,8
5644,7,2,3
5652,0,7,1
5655,3,5,1
5658,4,0,3
5660,9,0,6
5663,8,2,2
5667,1,0,8
5668,7,5,9
5670,4,3,7
5671,3,5,6
5672,8,7,3
5673,5,4,4
5674,9,7,6
5675,7,2,3
5676,6,0,7
5677,7,2,8
5681,3,2,7
5684,7,5,9
5687,2,7,6
5688,8,2,7
5689,3,2,5
5693,7,4,4
5694,5,4,0
5695,7,8,3
5696,7,5,8
5697,1,2,6
5698,7,2,9
5699,4,5,5
5701,3,2,6
5702,4,3,7
5703,0,4,8
5704,4,2,3
5705,2,5,7
5706,7,5,8
5707,0,6,8
5709,2,5,0
5712,2,5,1
5713,5,2,7
5714,2,5,6
5716,0,8,1
5718,1,6,6
5720,9,6,6
5721,0,6,1
5722,0,6,6
5724,5,4,1
5725,5,4,1
5726,1,2,6
5733,3,2,1
5735,0,8,6
5736,9,0,6
5737,9,5,8
5741,1,8,8
5746,7,4,9
5748,8,2,2
5750,6,2,2
5754,3,2,1
5757,4,8,3
5758,8,0,1
5759,9,7,8
5760,2,5,6
5762,0,7,6
5763,9,0,3
5764,7,4,3
5765,9,0,6
5766,8,0,9
5767,7,4,3
5768,7,5,4
5769,3,2,7
5770,8,6,9
5771,2,3,0
5772,9,2,8
5773,3,2,6
5775,7,0,3
5776,5,2,8
5777,8,2,6
5778,7,5,9
5781,0,7,6
5784,6,5,3
5788,0,8,2
5790,9,6,6
5791,8,2,6
5792,2,5,6
5793,8,0,6
5795,7,4,3
5798,0,6,6
5799,1,5,6
5801,9,6,6
5803,1,8,6
5804,0,6,6
5805,1,7,6
5808,5,2,6
5809,0,2,6
5814,8,2,6
5817,3,2,7
5818,7,5,3
5819,2,6,6
5822,3,5,6
5824,7,4,6
5825,3,2,7
5827,0,6,6
5833,3,5,6
5836,8,0,6
5838,4,0,3
5842,7,2,0
5844,0,8,6
5845,5,2,6
5847,8,2,9
5849,5,2,1
5851,1,2,6
5854,4,5,0
5855,7,2,9
5857,0,6,6
5858,7,8,3
5859,2,5,8
5860,0,8,2
5861,1,6,8
5866,4,5,5
5868,9,0,3
5869,7,2,9
5874,3,2,6
5875,1,0,6
5877,9,6,6
5879,8,2,6
5880,0,6,6
5882,1,6,6
5884,4,5,5
5885,4,5,7
5886,2,5,6
5887,1,2,6
5888,4,5,6
5890,3,4,0
5891,0,8,6
5892,8,0,6
5893,9,6,6
5894,7,4,1
5897,4,5,3
5898,8,3,6
5899,1,6,6
5902,9,0,6
5904,7,4,4
5905,1,7,9
5906,4,8,3
5909,1,2,6
5913,7,4,3
5914,1,2,3
5916,9,7,6
5918,1,2,8
5919,4,6,6
5920,8,6,6
5921,7,2,3
5922,7,8,4
5925,3,4,8
5926,4,8,6
5927,6,2,3
5928,7,2,3
5929,7,4,8
5931,4,2,5
5932,4,5,6
5935,6,0,7
5937,1,6,6
5938,9,2,6
5939,9,6,6
5941,9,0,6
5943,3,4,6
5944,2,5,6
5947,5,2,8
5948,0,6,6
5950,9,6,6
5951,0,6,6
5952,9,0,8
5953,7,4,3
5954,8,0,9
5958,9,0,6
5960,2,5,6
5963,9,6,8
5964,9,0,6
5965,7,5,3
5966,9,2,6
5967,9,0,8
5968,0,2,8
5969,5,2,8
5970,1,8,8
5971,1,6,8
5972,8,7,9
5974,9,0,6
5975,9,7,6
5976,5,2,1
5979,5,4,8
5980,9,6,6
5981,7,2,6
5982,9,6,6
5984,5,4,7
5987,3,5,6
5988,9,6,6
5989,8,0,9
5991,3,2,6
5993,8,7,6
5995,0,6,6
5997,0,6,9
5998,7,5,3
6000,8,6,3
6003,0,6,6
6004,7,4,3
6005,4,5,5
6006,0,5,8
6009,3,5,0
6015,0,4,8
6017,9,1,3
6018,5,4,0
6021,3,7,1
6022,0,7,6
6027,3,2,7
6028,8,6,6
6029,0,8,2
6030,8,2,6
6031,5,3,1
6033,2,5,5
6034,9,6,6
6036,0,6,6
6040,2,5,6
6044,7,4,4
6045,8,0,7
6046,2,5,6
6047,0,8,6
6048,1,2,8
6049,8,6,6
6051,4,5,6
6052,8,7,6
6053,4,0,6
6055,0,7,6
6058,1,7,9
6059,9,0,6
6060,3,8,7
6067,8,2,1
6069,0,6,6
6073,2,5,1
6075,3,2,6
6076,7,0,8
6079,3,2,6
6080,1,7,6
6081,0,2,6
6082,0,7,6
6083,2,5,6
6084,1,7,6
6086,1,2,6
6089,7,2,3
6090,1,0,6
6091,0,8,6
6092,5,2,3
6093,2,5,6
6094,5,4,8
6095,9,0,6
6097,5,3,0
6098,6,0,7
6099,7,5,4
6100,1,7,6
6101,9,0,8
6104,1,2,8
6105,0,6,6
6107,9,6,8
6108,4,5,0
6110,9,6,6
6114,9,8,6
6115,8,2,6
6117,1,7,6
6118,0,6,1
6119,1,6,6
6120,5,2,1
6126,3,2,6
6128,0,7,8
6130,1,8,6
6131,3,2,7
6132,7,2,6
6135,3,2,1
6136,9,5,6
6137,2,8,6
6139,9,6,8
6140,9,6,6
6143,9,2,6
6144,7,2,8
6147,9,0,8
6149,7,4,8
6150,1,2,8
6153,4,8,5
6155,8,0,6
6156,9,1,5
6157,0,6,3
6158,7,2,6
6159,1,2,8
6160,2,5,6
6161,4,0,7
6162,0,6,1
6163,3,4,7
6166,1,2,9
6168,3,2,7
6170,2,5,8
6172,1,2,8
6173,1,0,6
6176,9,0,6
6179,8,7,6
6181,8,7,3
6182,1,7,6
6184,1,2,6
6186,9,0,6
6187,0,6,8
6188,9,7,6
6191,0,8,6
6193,9,0,6
6194,1,7,6
6195,1,8,8
6196,3,2,6
6197,4,0,6
6198,9,6,6
6199,5,2,1
6201,3,5,6
6203,3,5,0
6205,1,8,9
6207,9,0,6
6208,8,2,2
6209,7,4,4
6211,8,0,6
6212,7,2,9
6215,2,3,4
6216,5,4,6
6217,8,2,6
6218,9,0,6
6219,7,2,9
6221,0,5,6
6222,0,6,6
6224,5,2,6
6225,3,2,6
6231,8,2,6
6232,2,6,6
6233,7,4,3
6236,1,2,6
6238,8,7,7
6239,6,5,3
6240,2,0,6
6241,0,7,6
6244,8,7,9
6247,0,8,6
6249,5,2,6
6250,4,0,7
6252,2,5,6
6253,5,4,8
6254,4,3,7
6256,9,6,7
6258,0,6,6
6260,2,6,6
6262,8,7,9
6263,2,5,6
6265,4,5,5
6266,7,5,3
6267,9,2,6
6269,7,0,8
6272,2,5,6
6273,1,6,6
6274,9,5,6
6275,9,6,6
6276,7,3,5
6277,2,5,3
6278,5,4,7
6279,1,2,8
6281,1,2,8
6283,3,5,7
6284,0,8,3
6285,8,2,6
6286,8,0,6
6288,6,0,8
6289,9,7,6
6290,9,6,6
6291,9,0,6
6294,0,7,6
6295,8,2,6
6296,8,7,1
6297,5,4,1
6298,3,2,7
6300,1,0,6
6301,1,6,6
6302,0,8,6
6303,7,8,3
6304,0,6,6
6306,0,7,6
6307,4,8,5
6311,3,6,6
6313,9,0,6
6316,7,0,8
6318,7,8,3
6319,7,2,9
6320,0,6,8
6321,8,7,1
6323,2,5,6
6324,7,4,9
6325,7,5,3
6326,7,4,9
6328,0,7,6
6329,1,5,6
6330,6,0,7
6331,0,2,6
6334,0,2,1
6335,2,5,6
6337,9,0,6
6338,7,5,3
6341,2,6,6
6342,8,7,9
6343,8,2,6
6346,8,2,9
6347,0,6,6
6348,8,0,3
6349,0,8,6
6350,0,5,8
6351,0,6,6
6354,7,0,3
6355,0,4,8
6356,7,8,9
6357,7,0,4
6358,7,2,3
6360,2,5,1
6361,0,5,9
6363,0,6,6
6365,7,5,5
6366,8,5,6
6368,7,8,8
6369,9,0,3
6372,1,8,8
6374,9,2,6
6376,8,7,6
6377,9,0,6
6379,8,6,6
6382,4,5,7
6384,7,0,1
6387,2,4,1
6388,7,5,3
6390,7,8,9
6391,9,0,6
6392,6,2,3
6393,3,2,6
6395,8,7,9
6396,4,5,6
6402,8,7,6
6403,4,0,9
6404,7,5,8
6405,1,2,8
6407,2,5,0
6408,0,6,6
6409,9,6,6
6410,1,2,6
6411,8,2,9
6414,8,1,3
6416,7,8,3
6417,1,0,8
6418,0,6,8
6420,7,4,6
6422,4,0,3
6424,8,6,6
6426,1,2,6
6428,5,2,6
6429,8,0,6
6430,1,7,9
6431,1,6,8
6432,8,2,9
6433,8,0,6
6435,9,0,6
6437,0,6,1
6438,4,5,3
6442,6,5,7
6444,3,5,6
6445,1,2,6
6448,7,2,8
6449,8,7,3
6450,0,5,6
6451,1,6,6
6452,4,0,1
6456,2,5,7
6457,2,5,7
6458,2,5,7
6460,3,5,1
6462,0,6,6
6463,8,0,6
6464,1,7,6
6468,8,7,6
6469,9,0,1
6470,1,2,8
6472,1,6,8
6473,9,5,6
6474,8,0,6
6476,0,7,6
6479,4,5,7
6480,0,4,6
6481,0,2,9
6483,6,2,7
6484,8,7,6
6485,9,2,6
6486,8,7,6
6488,2,8,7
6489,8,0,6
6492,1,2,8
6494,0,2,6
6495,7,5,8
6499,7,8,6
6501,2,5,6
6503,6,4,8
6505,4,5,5
6508,0,8,6
6509,9,2,6
6511,7,2,8
6512,2,3,6
6515,2,5,6
6516,2,5,0
6521,4,5,3
6522,9,6,6
6523,6,5,5
6524,8,6,6
6526,8,2,6
6527,5,2,0
6528,5,4,8
6529,2,5,6
6530,3,2,6
6531,4,0,5
6532,5,3,8
6534,7,5,8
6536,1,2,8
6539,7,5,3
6540,8,2,6
6542,9,2,6
6544,0,7,1
6546,2,5,6
6548,0,6,6
6549,0,5,9
6550,1,6,6
6552,1,2,6
6555,1,7,6
6556,8,6,6
6557,9,0,6
6561,9,0,6
6565,9,0,6
6567,4,2,5
6568,2,5,1
6569,8,2,6
6570,9,0,6
6572,4,0,3
6574,0,6,1
6575,3,2,6
6577,1,2,6
6579,9,2,6
6582,4,0,6
6585,1,6,2
6587,3,7,1
6588,0,6,1
6589,2,5,7
6592,5,2,8
6593,2,8,3
6596,3,5,6
6600,7,2,8
6601,0,8,6
6602,8,0,6
6603,9,0,6
6606,4,2,8
6607,7,0,8
6609,5,4,7
6610,8,6,9
6611,8,2,6
6613,8,2,1
6615,7,4,5
6616,4,8,6
6618,0,6,8
6619,0,8,8
6620,7,2,0
6621,0,8,6
6624,4,0,3
6626,2,8,9
6628,4,5,9
6629,0,8,3
6630,7,0,8
6631,7,4,8
6633,0,5,6
6636,2,5,8
6637,9,2,6
6638,1,6,8
6641,0,6,6
6643,1,2,6
6644,0,6,6
6647,3,5,7
6648,0,6,6
6649,9,6,6
6652,2,8,5
6654,4,2,9
6655,1,2,6
6657,7,2,3
6659,1,2,3
6660,0,6,8
6661,4,0,3
6663,0,6,6
6664,4,0,3
6666,2,5,6
6667,7,2,6
6670,3,5,5
6671,5,4,7
6672,9,0,6
6674,5,4,7
6675,2,6,8
6676,0,6,6
6677,5,0,1
6682,4,3,3
6685,1,5,6
6686,9,0,6
6689,8,2,2
6691,8,6,1
6695,4,0,7
6696,0,8,6
6698,3,4,0
6699,2,5,6
6700,6,3,8
6701,1,2,6
6702,8,7,6
6707,2,5,0
6708,2,5,5
6709,3,4,8
6711,5,2,3
6712,0,7,6
6713,2,5,6
6714,1,6,8
6716,8,7,7
6717,0,2,6
6718,8,2,7
6719,2,5,9
6720,2,5,7
6721,7,5,6
6724,9,7,6
6725,8,0,6
6728,1,2,6
6730,8,0,6
6732,3,5,7
6734,8,0,9
6735,9,2,6
6736,4,6,5
6737,8,2,9
6738,0,6,6
6739,0,7,6
6740,2,5,1
6741,9,0,8
6742,1,2,8
6745,7,0,8
6747,8,6,6
6749,9,0,6
6751,8,7,6
6752,9,6,6
6754,8,2,1
6755,9,6,8
6762,7,2,5
6763,2,5,3
6764,5,4,6
6765,8,7,9
6766,8,6,6
6767,1,7,3
6768,2,5,6
6770,1,7,6
6774,3,2,5
6775,0,6,6
6776,8,7,7
6778,2,5,6
6780,7,4,3
6784,9,0,8
6788,1,7,6
6789,1,6,6
6791,7,5,0
6793,3,5,5
6795,9,2,1
6797,0,8,6
6798,8,2,6
6799,0,2,6
6802,4,5,3
6804,9,5,5
6805,1,2,6
6806,1,7,6
6807,7,4,8
6810,8,5,6
6811,9,2,6
6812,0,6,9
6813,6,0,8
6814,9,2,8
6815,0,6,6
6816,1,2,8
6817,1,2,9
6818,7,0,9
6820,1,6,8
6825,3,4,1
6826,6,5,3
6828,3,4,1
6829,8,7,6
6831,8,0,9
6832,1,6,6
6834,1,2,8
6835,5,4,8
6836,4,5,3
6837,5,4,1
6838,1,6,9
6840,9,0,6
6842,3,2,6
6843,1,6,8
6844,7,4,9
6846,9,0,6
6847,8,6,6
6848,9,6,6
6849,4,5,9
6851,0,8,6
6855,4,0,3
6858,1,6,8
6860,0,8,6
6862,5,4,6
6864,0,6,6
6866,4,0,0
6871,9,6,6
6873,3,5,1
6878,5,2,1
6879,1,6,8
6882,9,0,3
6883,7,0,5
6884,0,8,8
6885,0,6,4
6886,1,0,8
6890,5,4,0
6891,9,0,6
6895,2,8,6
6896,6,5,7
6897,9,0,3
6898,3,2,6
6900,3,5,6
6903,9,8,6
6905,2,5,6
6906,1,2,6
6908,6,5,3
6910,7,8,3
6914,8,4,6
6915,1,2,8
6916,4,5,7
6918,4,5,5
6919,4,5,5
6923,0,6,6
6925,2,5,7
6926,7,2,5
6927,5,4,3
6928,2,5,7
6931,5,4,3
6935,7,8,4
6937,8,7,6
6938,3,4,7
6939,2,5,6
6940,1,0,6
6943,4,5,5
6947,8,7,3
6949,0,4,6
6950,8,2,6
6951,9,6,6
6952,8,2,6
6954,7,8,6
6955,7,2,8
6958,7,2,9
6960,9,6,6
6961,8,7,9
6963,9,2,8
6964,5,2,6
6966,0,7,6
6968,8,6,6
6971,9,0,6
6972,1,6,8
6973,3,5,7
6974,9,6,6
6975,8,7,6
6976,3,2,8
6980,0,8,6
6982,1,6,6
6983,9,6,6
6984,1,7,6
6987,8,6,3
6988,4,2,7
6989,7,4,0
6990,3,5,5
6991,1,0,8
6992,4,5,6
6995,1,0,6
6996,0,6,6
6998,8,6,9
7001,1,2,6
7003,7,2,6
7007,9,0,8
7008,1,6,8
7010,0,6,6
7011,7,5,3
7012,7,0,4
7013,1,0,6
7014,3,2,8
7016,3,5,6
7018,0,2,4
7020,7,8,3
7022,2,5,0
7023,2,5,6
7024,9,2,3
7028,9,6,6
7030,8,0,4
7031,0,6,2
7033,8,2,6
7034,0,5,6
7036,3,4,4
7037,7,4,1
7038,0,6,6
7039,4,0,5
7041,4,8,3
7042,8,0,9
7045,3,2,6
7047,8,7,6
7048,2,1,6
7050,8,7,6
7051,3,2,6
7052,1,7,8
7053,1,2,6
7058,9,6,6
7060,8,7,1
7061,4,3,9
7063,1,2,8
7065,2,5,7
7067,9,0,6
7069,0,6,6
7070,7,5,0
7071,1,0,6
7072,8,7,9
7073,9,0,3
7074,3,2,1
7075,9,6,6
7076,9,5,6
7077,0,6,6
7078,7,5,3
7079,7,5,8
7081,4,0,7
7084,4,5,3
7086,7,4,9
7087,7,5,8
7088,8,7,6
7089,7,4,3
7092,2,5,6
7093,2,3,7
7094,4,0,6
7096,0,6,4
7097,7,5,3
7098,1,7,8
7102,0,5,6
7103,0,6,6
7105,3,5,5
7106,8,0,6
7109,4,2,3
7110,3,2,7
7111,5,2,8
7113,9,6,6
7114,1,2,6
7115,0,6,6
7116,0,8,4
7118,5,2,1
7120,7,5,8
7121,9,0,6
7122,9,0,6
7126,0,2,6
7127,5,3,6
7129,1,0,3
7132,4,2,8
7133,1,8,6
7134,4,5,5
7135,4,0,6
7136,1,0,9
7138,0,7,9
7139,0,7,8
7140,4,8,7
7142,8,7,6
7145,3,2,6
7146,0,6,6
7147,5,3,7
7149,5,2,1
7150,3,2,6
7151,1,7,6
7153,7,6,4
7154,0,2,6
7155,9,2,3
7156,1,2,6
7157,5,2,8
7158,7,4,9
7164,0,7,8
7165,0,2,8
7166,1,7,8
7167,7,5,3
7169,1,2,6
7170,9,2,8
7172,4,0,7
7175,7,2,9
7176,8,0,3
7178,0,6,6
7179,9,2,6
7185,8,0,3
7187,7,2,6
7190,2,5,6
7192,7,5,0
7193,8,2,9
7194,8,7,6
7195,7,2,1
7196,0,8,6
7198,9,6,6
7199,1,4,6
7200,4,5,6
7204,4,0,7
7207,3,2,6
7208,1,7,6
7209,0,8,6
7210,3,2,7
7211,3,2,6
7212,3,2,6
7215,1,4,6
7216,2,5,6
7219,7,4,3
7220,9,0,8
7221,3,5,6
7222,8,0,6
7223,7,4,3
7225,1,6,6
7226,7,8,9
7228,3,6,6
7229,2,5,0
7230,2,0,6
7231,8,7,6
7232,9,2,6
7234,9,0,6
7238,4,2,0
7239,4,0,6
7240,0,6,6
7243,1,2,6
7244,5,2,0
7245,4,5,7
7247,8,7,9
7248,4,5,5
7249,9,2,6
7251,7,2,3
7252,8,2,6
7253,4,5,0
7254,2,5,6
7255,3,5,6
7256,4,5,6
7257,0,6,6
7263,5,2,8
7264,4,0,3
7265,5,4,6
7268,3,2,6
7269,7,0,3
7270,9,0,6
7271,7,5,3
7272,1,6,6
7276,1,7,6
7277,4,5,9
7279,5,2,6
7280,1,2,9
7281,7,5,4
7282,1,2,6
7284,0,6,6
7288,7,5,3
7289,0,2,1
7291,3,2,1
7293,7,0,3
7296,8,2,6
7297,9,3,5
7303,8,7,6
7304,2,8,6
7307,8,6,6
7308,4,0,3
7309,1,0,9
7312,2,5,5
7313,3,2,1
7315,0,2,6
7317,6,5,0
7319,2,5,9
7321,2,5,8
7322,4,0,7
7324,1,6,6
7325,4,5,3
7326,4,5,6
7328,4,8,3
7329,1,6,9
7330,5,4,1
7331,5,4,1
7332,7,5,8
7333,6,5,0
7335,4,0,6
7340,2,5,6
7342,7,2,3
7343,7,2,8
7346,5,2,6
7347,0,8,1
7349,3,2,0
7350,9,0,6
7352,3,4,5
7353,8,0,9
7355,7,4,8
7356,0,2,6
7357,6,5,8
7358,8,4,6
7359,1,6,8
7361,8,2,6
7363,1,6,8
7364,5,4,8
7369,5,4,6
7372,5,2,8
7373,0,7,6
7374,3,5,6
7376,1,0,6
7377,3,4,7
7379,7,8,4
7380,7,2,8
7381,4,5,6
7382,9,6,6
7384,3,2,6
7385,9,0,6
7387,1,7,6
7388,7,4,8
7392,8,2,3
7394,1,2,6
7396,8,1,6
7401,3,2,8
7403,4,5,7
7404,8,6,9
7405,7,5,9
7407,9,8,3
7409,8,6,6
7410,4,2,5
7412,9,6,6
7413,1,0,9
7415,3,7,1
7418,8,2,7
7419,0,7,6
7422,4,0,3
7424,9,0,8
7426,7,5,9
7428,0,6,6
7429,5,2,0
7431,9,0,6
7432,7,8,4
7434,0,6,6
7435,7,2,3
7436,0,7,6
7437,3,2,0
7438,5,1,6
7439,5,4,7
7440,3,4,7
7442,7,5,8
7443,7,0,3
7444,9,6,6
7445,6,2,0
7447,8,0,6
7448,9,0,8
7450,1,7,8
7452,4,0,5
7454,0,8,6
7456,7,0,9
7460,5,4,1
7461,9,8,6
7462,8,7,9
7464,8,7,6
7465,0,6,6
7468,8,7,9
7470,9,5,6
7472,1,7,6
7473,1,2,3
7475,3,2,1
7477,0,8,6
7478,7,4,8
7480,1,2,6
7482,4,0,7
7483,1,7,8
7484,1,2,8
7485,8,7,6
7486,1,0,6
7487,1,0,6
7488,2,5,6
7490,4,0,1
7491,9,7,8
7492,9,0,6
7493,5,4,6
7495,7,5,8
7499,9,7,6
7501,9,0,6
7502,8,7,3
7503,8,7,6
7505,7,2,8
7507,7,5,3
7508,2,5,6
7510,8,6,6
7511,0,6,6
7512,9,0,6
7513,0,8,8
7514,7,5,3
7515,8,2,6
7516,1,2,8
7520,4,5,6
7521,2,5,7
7522,9,5,6
7523,0,7,6
7525,8,7,3
7526,9,6,6
7528,5,2,7
7529,5,2,6
7530,2,5,8
7532,1,7,6
7533,0,6,6
7535,1,0,6
7536,8,6,3
7541,0,6,6
7542,8,2,9
7543,9,6,6
7544,0,8,6
7546,7,2,8
7547,9,0,6
7550,4,3,3
7551,6,2,7
7554,7,5,0
7558,2,5,5
7561,2,4,0
7563,9,6,6
7564,8,0,6
7565,1,2,6
7566,9,8,8
7567,7,4,3
7570,1,2,8
7572,1,6,8
7574,3,2,6
7575,8,2,6
7576,8,7,6
7577,1,6,8
7578,9,0,8
7579,3,5,1
7581,9,0,6
7583,1,0,3
7584,1,2,6
7587,7,8,1
7591,6,2,7
7592,9,8,6
7593,6,0,7
7594,0,6,8
7595,1,6,9
7596,3,2,6
7597,9,6,6
7599,8,2,6
7601,8,0,2
7603,9,0,6
7604,1,2,6
7607,0,6,6
7608,5,4,6
7609,0,5,6
7610,7,8,0
7611,7,2,6
7612,7,4,6
7613,9,7,6
7614,4,5,3
7616,0,6,6
7618,3,5,6
7621,8,0,6
7622,9,0,6
7623,1,0,6
7624,2,5,6
7625,7,2,3
7626,1,7,6
7630,9,0,6
7631,1,7,9
7634,1,7,6
7635,9,0,6
7637,8,0,6
7640,9,0,3
7642,9,0,6
7643,8,6,6
7645,0,2,6
7646,2,5,1
7649,2,5,8
7650,2,5,5
7652,0,8,6
7653,8,2,7
7655,8,0,6
7656,1,6,8
7658,7,5,3
7659,2,5,7
7661,9,6,6
7663,2,5,6
7664,2,5,1
7665,9,0,6
7667,6,0,7
7670,2,8,6
7674,1,2,6
7678,8,7,2
7681,0,8,6
7682,8,2,6
7683,0,6,6
7684,0,2,6
7686,9,6,1
7688,8,0,6
7692,0,6,6
7693,7,5,3
7694,9,6,8
7696,0,6,6
7697,5,2,3
7698,0,6,6
7699,9,0,6
7701,0,6,6
7702,4,5,5
7703,7,8,8
7704,1,7,9
7705,7,5,5
7706,8,7,6
7707,8,2,3
7708,2,5,4
7709,3,4,7
7710,9,0,6
7712,5,2,0
7714,3,2,1
7715,1,2,8
7717,3,5,1
7718,0,6,6
7719,2,5,5
7720,5,2,1
7721,2,5,8
7722,7,2,5
7723,3,5,4
7724,8,0,6
7725,4,0,7
7728,1,2,8
7729,9,7,6
7731,1,6,6
7732,7,5,3
7733,0,6,6
7737,0,8,8
7739,9,6,6
7740,4,5,3
7741,5,4,1
7742,0,6,6
7743,3,4,6
7745,7,4,9
7748,0,6,6
7749,1,6,8
7751,7,0,9
7752,9,2,6
7753,9,6,6
7754,0,6,6
7755,7,8,8
7756,5,4,8
7758,7,4,0
7759,1,2,8
7762,7,5,9
7765,8,0,1
7768,8,7,6
7769,4,3,7
7770,9,0,6
7772,3,2,6
7773,4,0,8
7774,0,6,6
7775,2,3,6
7776,5,2,3
7780,3,2,1
7781,5,4,8
7782,8,2,6
7783,3,4,5
7786,9,2,8
7787,5,2,1
7789,3,5,8
7793,8,6,6
7795,5,4,7
7796,8,7,6
7799,9,7,8
7800,0,6,6
7803,0,7,6
7805,9,0,6
7806,9,6,8
7807,3,2,7
7808,8,7,6
7809,0,6,6
7811,0,8,6
7814,7,4,3
7818,9,0,6
7819,1,2,8
7820,5,7,6
7823,7,0,0
7824,9,2,6
7827,3,2,5
7828,5,4,8
7831,2,5,7
7832,8,0,6
7833,8,7,9
7835,0,8,8
7836,0,6,6
7837,7,0,3
7838,0,6,8
7840,1,6,6
7842,5,4,4
7844,9,0,6
7846,6,4,3
7847,7,4,3
7850,0,8,1
7851,0,8,1
7859,7,2,3
7860,8,2,6
7862,1,0,8
7863,0,6,6
7865,3,5,1
7867,4,2,6
7868,8,0,1
7869,0,2,6
7871,0,4,8
7872,9,6,6
7873,1,7,6
7876,1,2,8
7877,0,2,8
7878,1,2,3
7880,0,7,6
7882,7,5,3
7883,9,0,6
7886,7,5,8
7887,5,4,6
7888,7,8,3
7889,1,7,8
7890,6,0,3
7893,1,2,6
7894,1,6,6
7895,4,2,6
7898,1,2,6
7899,7,2,3
7900,0,7,6
7901,1,8,6
7902,2,5,6
7903,1,6,6
7904,1,0,8
7905,3,5,0
7906,2,6,6
7908,9,6,6
7909,1,7,6
7911,2,5,6
7912,0,2,6
7913,8,2,6
7914,7,4,8
7915,3,2,1
7922,8,0,6
7925,0,5,6
7926,5,4,7
7927,7,0,9
7928,2,5,5
7929,0,8,6
7930,2,8,6
7933,3,2,7
7934,8,2,2
7936,1,0,6
7937,1,2,8
7938,2,5,6
7939,2,5,5
7943,1,4,6
7944,2,5,0
7946,1,6,8
7948,1,2,8
7949,8,2,1
7950,9,6,6
7951,2,0,6
7952,3,5,6
7953,1,0,3
7954,9,0,6
7955,9,6,6
7957,4,0,9
7958,5,4,3
7960,0,7,6
7961,3,5,6
7963,7,0,5
7964,1,6,6
7966,7,4,3
7968,8,7,3
7972,5,4,7
7973,1,7,6
7975,2,5,8
7976,7,0,3
7977,8,0,6
7978,4,3,1
7980,3,2,7
7982,9,6,6
7984,8,7,1
7985,5,2,0
7986,1,7,6
7987,0,8,8
7988,6,5,7
7990,0,7,6
7991,9,6,8
7994,0,6,6
7995,8,7,6
7996,7,5,3
7997,1,2,6
7998,2,5,3
8000,9,0,6
8001,1,2,6
8002,6,4,7
8004,7,8,3
8005,1,7,6
8007,0,4,3
8008,0,7,6
8010,2,5,8
8011,8,6,6
8013,8,7,7
8014,2,5,6
8015,8,7,6
8017,0,8,6
8018,8,0,6
8019,3,5,6
8021,1,2,8
8023,3,5,7
8024,0,6,6
8025,5,6,6
8026,0,6,8
8027,4,0,3
8029,7,5,0
8030,2,5,6
8031,0,6,8
8032,1,7,6
8033,3,5,1
8034,9,0,8
8035,1,2,8
8037,1,7,8
8039,1,2,6
8040,2,5,5
8042,7,5,8
8043,0,8,6
8044,9,2,8
8048,0,2,6
8049,1,2,6
8050,7,3,9
8051,9,6,8
8052,7,5,8
8053,1,0,6
8054,9,2,8
8055,2,5,6
8056,1,6,8
8057,9,7,6
8059,3,4,7
8061,0,8,6
8063,0,6,8
8064,0,6,7
8065,9,6,6
8067,8,2,1
8068,9,6,6
8070,5,2,8
8072,3,2,7
8073,0,7,1
8074,7,4,1
8075,8,0,9
8076,7,4,3
8080,4,3,3
8083,9,0,6
8085,2,5,8
8089,9,6,6
8091,7,5,4
8093,7,8,6
8094,1,0,6
8096,3,5,7
8097,1,2,6
8098,1,7,8
8099,3,2,7
8101,8,0,6
8102,3,0,7
8103,7,0,3
8104,7,4,4
8105,0,6,6
8106,8,0,6
8107,1,2,6
8112,3,5,6
8114,3,4,7
8116,9,0,6
8117,8,7,2
8118,4,8,1
8120,8,2,6
8121,0,6,6
8123,1,2,8
8124,7,0,3
8125,8,7,6
8127,9,6,3
8129,2,5,7
8131,3,5,7
8132,8,7,6
8133,8,4,6
8136,3,5,6
8139,1,3,6
8141,3,2,6
8142,7,8,3
8143,9,5,6
8144,9,5,6
8146,8,2,9
8147,5,2,8
8148,9,2,6
8149,9,6,6
8151,8,7,6
8152,8,7,6
8154,8,2,3
8155,1,2,8
8156,0,4,6
8157,1,2,8
8158,8,5,1
8159,8,2,3
8161,5,4,0
8163,0,8,6
8165,1,2,6
8169,3,5,6
8174,3,2,1
8175,3,5,6
8176,6,4,1
8177,8,3,1
8181,3,5,8
8182,8,7,6
8185,0,8,6
8186,8,6,1
8187,5,2,8
8189,8,0,4
8194,1,8,6
8195,8,7,6
8197,0,7,8
8201,3,5,6
8203,3,2,7
8205,2,6,9
8208,8,2,6
8210,0,6,6
8211,5,2,3
8213,6,2,7
8214,1,7,6
8215,1,2,6
8216,3,4,1
8217,9,6,6
8218,9,2,6
8221,7,5,8
8222,1,5,6
8223,8,7,6
8224,3,5,1
8225,9,6,6
8227,7,0,8
8228,8,7,9
8230,0,7,8
8232,2,5,1
8235,7,5,3
8236,5,2,1
8237,7,4,3
8238,1,2,6
8239,8,7,6
8240,7,5,8
8241,3,0,6
8242,5,4,8
8243,4,3,5
8244,4,0,3
8245,3,5,1
8246,8,7,6
8248,1,6,6
8253,2,5,6
8254,8,7,6
8255,9,0,8
8256,8,7,2
8257,3,2,7
8258,3,6,6
8259,8,2,2
8260,1,2,6
8262,0,8,8
8263,5,4,3
8265,0,8,9
8267,0,2,8
8270,6,2,7
8271,3,2,6
8277,4,5,3
8282,1,0,6
8283,1,6,8
8285,9,8,3
8287,8,7,6
8289,5,4,8
8290,8,0,6
8292,9,5,8
8293,0,6,7
8294,8,7,6
8295,3,6,1
8297,1,2,6
8299,3,2,6
8301,5,2,8
8302,3,4,7
8303,8,0,6
8309,4,5,8
8310,3,2,7
8311,8,2,6
8312,9,0,8
8319,7,4,5
8320,7,8,9
8321,4,2,3
8322,4,0,7
8324,3,2,9
8327,7,2,3
8328,7,5,3
8329,8,0,6
8332,9,0,6
8333,1,6,3
8336,3,2,6
8338,3,6,6
8339,8,7,6
8340,5,2,0
8342,1,6,6
8344,7,9,3
8345,9,0,6
8347,1,2,6
8350,9,0,6
8351,0,2,8
8353,7,2,0
8355,9,6,6
8356,1,6,6
8358,0,8,6
8359,2,5,6
8360,7,5,4
8366,1,0,6
8369,4,5,7
8372,1,2,7
8373,8,0,6
8375,4,5,7
8376,7,2,9
8377,8,0,1
8378,5,2,1
8379,8,2,6
8380,9,6,6
8382,3,5,1
8383,2,5,6
8385,9,2,6
8386,3,2,5
8387,0,6,6
8388,1,6,6
8390,1,8,3
8391,1,2,6
8392,6,2,7
8393,8,7,7
8394,7,5,8
8395,1,4,6
8396,3,2,6
8398,4,0,5
8402,0,8,6
8404,2,4,9
8406,9,6,6
8407,8,7,2
8409,8,7,3
8411,8,6,6
8415,0,8,6
8417,1,2,9
8418,8,6,6
8419,7,2,9
8420,3,2,6
8422,2,8,8
8426,9,0,6
8427,2,8,9
8429,4,5,6
8430,9,6,6
8431,8,2,6
8433,3,5,0
8434,9,6,6
8436,5,4,7
8437,7,5,3
8438,1,8,6
8439,8,0,2
8441,8,6,6
8445,1,6,6
8447,0,4,8
8449,1,4,0
8452,4,5,7
8455,1,2,6
8458,5,4,1
8459,9,0,6
8460,8,6,6
8461,7,4,5
8462,2,3,6
8470,8,7,1
8472,2,5,6
8475,9,0,6
8479,4,5,6
8481,3,2,1
8482,1,7,8
8483,0,6,6
8485,0,8,9
8488,9,7,6
8489,1,2,6
8493,2,6,6
8495,1,2,8
8496,0,8,9
8498,1,7,9
8499,9,0,6
8500,4,5,9
8502,1,0,8
8503,1,6,8
8506,9,6,6
8510,7,5,8
8511,2,5,6
8512,9,0,6
8513,9,0,6
8514,7,2,9
8515,8,0,2
8517,1,2,6
8519,7,4,3
8520,8,9,9
8522,1,6,8
8527,1,2,8
8528,3,2,7
8530,8,7,6
8531,8,6,6
8535,7,5,8
8537,0,6,6
8539,6,2,3
8547,6,4,7
8550,1,7,6
8551,8,2,6
8554,0,8,6
8559,1,2,6
8560,7,4,4
8561,8,7,6
8563,0,5,8
8564,1,8,8
8565,7,8,3
8567,8,0,6
8568,7,0,3
8571,7,0,8
8572,0,6,6
8574,4,0,3
8575,9,0,6
8579,1,2,6
8581,8,0,7
8583,8,2,6
8584,1,7,6
8585,9,0,6
8587,7,5,8
8590,0,8,6
8592,0,6,1
8593,1,0,6
8594,3,2,6
8596,1,2,6
8598,3,2,5
8599,4,5,5
8601,3,2,8
8602,8,7,9
8603,1,6,6
8605,6,0,8
8606,1,7,6
8607,8,6,6
8608,8,7,6
8611,7,5,5
8612,4,0,1
8613,6,0,7
8614,8,6,6
8615,9,2,6
8619,5,4,8
8621,1,0,6
8622,4,0,7
8623,1,2,8
8624,9,6,8
8627,7,8,9
8628,7,0,3
8629,7,4,9
8632,3,4,7
8635,6,5,8
8637,4,5,5
8638,0,7,6
8639,7,2,5
8640,1,2,8
8641,7,5,4
8642,3,5,6
8643,0,6,6
8646,2,5,8
8647,4,5,3
8648,1,2,6
8650,2,5,1
8652,9,8,6
8653,8,0,7
8658,3,4,7
8663,1,0,6
8666,0,7,2
8667,4,8,3
8670,9,0,6
8671,4,5,3
8673,9,6,6
8674,1,0,6
8675,7,4,3
8676,8,6,7
8677,3,2,1
8678,1,6,8
8679,8,2,2
8683,7,5,8
8685,7,0,6
8686,9,0,8
8693,9,0,6
8694,0,6,6
8696,8,2,6
8701,8,7,2
8702,0,6,6
8703,4,0,7
8704,8,6,2
8706,7,4,4
8709,1,2,8
8710,7,4,5
8711,4,0,3
8712,1,0,6
8714,4,8,6
8717,8,2,7
8718,7,5,8
8719,2,5,1
8722,7,0,6
8724,6,2,8
8725,8,7,6
8726,9,2,6
8727,9,6,6
8731,9,6,6
8732,8,0,6
8733,7,2,0
8734,2,5,1
8736,3,4,6
8737,7,4,8
8742,9,7,6
8744,1,2,8
8745,5,4,7
8746,3,4,7
8747,2,3,6
8748,6,2,7
8750,9,0,6
8751,1,2,6
8754,3,5,6
8755,6,2,2
8758,9,0,6
8759,7,5,8
8760,8,4,1
8761,0,8,6
8762,8,0,6
8763,9,0,6
8764,1,7,6
8766,5,4,8
8769,0,6,6
8772,1,2,6
8777,0,6,1
8779,7,3,3
8781,6,5,8
8782,5,2,8
8784,4,5,3
8789,5,4,8
8791,6,2,7
8793,7,4,4
8794,5,2,0
8795,0,8,6
8796,9,0,8
8797,9,0,3
8799,1,6,8
8800,0,8,6
8801,4,5,7
8805,9,0,6
8808,6,0,7
8810,2,5,8
8811,1,2,6
8812,0,8,6
8813,1,7,8
8814,9,6,6
8816,7,5,8
8818,3,4,1
8819,0,8,8
8821,7,5,3
8823,4,5,3
8824,3,5,1
8826,8,7,9
8827,2,5,8
8828,0,8,6
8829,0,8,6
8830,9,6,6
8834,8,0,6
8836,4,5,6
8837,1,6,6
8838,8,2,6
8839,1,7,6
8842,4,0,6
8843,8,2,3
8845,2,5,6
8848,3,5,5
8849,9,2,8
8851,0,2,6
8852,7,4,4
8855,4,5,3
8857,0,6,6
8859,2,3,5
8860,2,5,6
8861,4,2,5
8862,0,6,1
8864,9,6,6
8865,7,4,4
8866,1,2,8
8867,8,7,9
8871,9,0,6
8872,8,5,9
8873,5,4,8
8875,8,6,6
8877,9,0,8
8878,8,4,7
8879,9,6,8
8880,1,2,8
8883,8,0,9
8885,3,5,1
8888,8,2,6
8890,8,0,6
8891,9,2,6
8894,0,8,6
8895,0,6,3
8896,8,0,1
8897,2,6,6
8899,4,0,7
8900,2,0,8
8903,0,6,6
8905,8,7,6
8906,4,8,8
8907,1,2,6
8908,9,0,6
8909,0,8,6
8910,1,2,3
8913,8,0,6
8915,9,6,6
8917,0,6,8
8918,7,4,9
8921,8,6,7
8922,9,1,6
8925,0,6,6
8926,4,5,5
8927,9,0,6
8929,9,6,6
8930,3,5,6
8931,9,6,6
8935,0,6,6
8937,7,5,9
8938,1,0,6
8943,7,5,3
8945,1,6,6
8946,9,0,6
8947,4,5,7
8949,7,8,8
8950,9,6,6
8951,8,0,7
8952,3,5,1
8953,9,6,6
8954,2,5,6
8955,1,0,6
8959,1,2,3
8961,0,6,6
8964,0,6,6
8968,8,5,2
8969,8,2,9
8970,0,6,8
8973,5,2,6
8974,2,5,6
8975,8,0,6
8977,0,7,1
8980,9,0,6
8987,2,5,1
8990,1,7,8
8991,0,6,6
8992,5,2,8
8994,8,0,6
8995,9,0,6
8998,9,0,6
8999,3,2,7
9000,8,2,6
9001,1,8,6
9002,6,4,5
9008,0,6,6
9009,2,5,7
9010,8,2,6
9012,8,2,6
9013,7,3,5
9014,7,4,8
9015,8,0,9
9016,1,2,6
9017,0,6,6
9018,8,2,7
9019,9,0,6
9020,7,2,8
9021,0,7,6
9022,3,5,7
9023,8,5,3
9024,0,6,6
9025,5,0,6
9031,0,8,1
9032,9,0,6
9037,9,0,6
9038,2,5,6
9039,2,0,6
9042,1,2,6
9043,3,2,8
9044,2,5,6
9045,0,6,6
9047,4,8,6
9051,8,7,7
9052,0,8,6
9053,5,4,8
9054,8,7,1
9056,4,5,1
9059,2,5,6
9060,9,2,6
9061,7,0,3
9062,9,5,8
9063,7,5,3
9065,0,2,6
9066,1,0,6
9067,9,6,8
9069,9,2,8
9070,2,0,6
9071,7,4,9
9072,9,0,6
9074,4,2,3
9075,0,6,6
9078,4,5,6
9079,1,2,6
9081,7,5,3
9083,8,7,9
9084,5,2,1
9085,9,6,8
9086,0,8,8
9089,3,2,7
9090,2,5,6
9091,7,8,3
9093,3,4,6
9094,2,8,1
9096,9,6,6
9097,0,5,6
9098,5,4,6
9099,9,0,3
9100,9,2,6
9101,8,2,6
9102,7,5,9
9103,7,5,4
9105,8,0,6
9108,2,5,5
9109,3,4,6
9110,1,2,8
9111,0,6,6
9112,4,8,8
9113,1,6,6
9114,8,2,6
9115,8,0,4
9116,4,5,6
9117,9,0,6
9118,4,5,3
9119,4,5,6
9123,2,5,6
9124,0,6,6
9125,1,7,6
9126,1,2,8
9127,8,6,6
9129,4,5,5
9130,8,2,6
9131,3,4,9
9133,9,6,6
9134,5,2,8
9135,7,2,8
9138,5,2,1
9139,4,2,7
9140,7,8,8
9141,3,5,8
9142,3,2,6
9143,9,5,3
9146,5,2,8
9147,9,7,8
9152,4,0,8
9154,2,5,6
9157,3,5,0
9159,9,0,8
9160,5,4,0
9162,1,7,6
9163,4,3,6
9164,5,2,1
9165,4,0,6
9167,7,2,0
9168,2,8,6
9169,1,8,6
9171,2,5,5
9172,0,6,4
9174,9,0,3
9175,8,7,6
9176,8,7,6
9177,9,0,6
9178,1,6,8
9179,1,0,6
9181,0,6,6
9182,0,6,6
9183,8,7,2
9184,7,5,3
9185,1,2,6
9186,7,8,8
9187,4,5,3
9190,3,5,7
9193,0,4,6
9196,0,6,3
9197,1,2,8
9198,3,2,1
9199,9,0,6
9200,8,7,6
9201,3,5,7
9202,7,2,9
9203,8,2,3
9204,9,8,6
9205,4,5,6
9206,8,7,6
9207,9,0,3
9210,7,4,3
9211,1,6,8
9213,2,5,8
9214,9,2,6
9220,8,6,6
9221,7,5,5
9222,7,0,5
9223,1,2,6
9226,3,5,0
9231,7,0,8
9232,1,6,8
9233,8,7,9
9234,2,5,7
9235,0,5,6
9236,9,0,6
9238,9,8,6
9239,8,6,7
9240,8,2,2
9244,7,5,8
9245,1,2,6
9247,9,0,6
9248,0,8,6
9249,9,6,6
9252,7,0,8
9255,3,4,7
9256,0,6,8
9258,9,6,6
9259,7,5,9
9261,5,2,8
9263,6,0,7
9265,1,7,8
9266,8,2,6
9268,7,5,8
9270,9,0,6
9271,0,8,9
9272,0,6,8
9274,8,7,6
9275,8,7,9
9276,7,2,9
9277,3,0,6
9278,7,4,9
9280,9,6,6
9282,7,5,0
9283,9,0,6
9285,8,7,6
9286,7,4,0
9287,9,0,8
9288,8,2,9
9293,7,5,3
9296,8,2,2
9297,2,5,6
9298,1,7,6
9299,9,2,6
9302,3,2,5
9303,9,0,6
9306,8,5,6
9307,7,4,9
9308,3,4,7
9312,9,6,6
9313,7,8,5
9315,7,9,9
9316,3,5,5
9318,4,5,3
9320,9,0,6
9321,4,0,3
9322,2,8,1
9323,1,7,9
9324,9,0,6
9326,0,6,6
9331,7,8,9
9332,9,0,6
9333,0,6,6
9334,7,4,8
9340,1,6,6
9343,8,2,6
9345,1,2,8
9347,8,0,9
9348,5,2,3
9350,6,5,7
9351,1,7,6
9352,1,7,6
9353,5,2,4
9354,0,8,6
9356,0,8,6
9357,9,6,6
9358,2,5,6
9361,8,2,9
9362,9,2,4
9366,2,5,8
9367,9,7,6
9368,1,8,8
9371,8,6,6
9372,7,2,3
9373,1,5,6
9377,4,5,0
9378,9,2,6
9379,7,5,4
9382,9,3,6
9383,9,8,6
9390,7,5,3
9391,9,6,6
9392,0,6,6
9393,4,2,5
9394,5,2,1
9395,7,5,3
9398,8,6,6
9399,7,2,9
9401,9,6,6
9403,9,2,6
9405,8,7,9
9409,9,8,6
9412,8,0,6
9413,0,8,8
9416,7,5,3
9417,4,2,6
9418,8,0,6
9420,5,2,1
9422,3,4,1
9423,2,0,0
9424,2,5,6
9427,1,2,6
9428,7,2,1
9432,1,7,6
9434,7,6,0
9438,7,4,9
9439,0,6,8
9440,8,2,6
9441,4,5,3
9444,7,8,9
9447,4,2,3
9452,2,5,6
9455,1,2,3
9457,1,2,6
9458,7,4,9
9459,0,5,6
9463,9,2,6
9466,8,2,9
9469,0,6,6
9470,9,2,6
9472,8,0,3
9473,0,6,6
9474,8,7,9
9475,2,5,6
9476,8,2,6
9478,7,4,3
9479,7,5,8
9480,2,5,6
9482,0,5,6
9483,0,6,6
9485,7,8,3
9486,4,5,7
9487,1,2,8
9491,8,0,6
9492,9,5,6
9493,0,8,7
9494,9,0,6
9495,0,6,6
9496,1,2,6
9499,0,6,6
9500,9,2,6
9505,3,4,6
9507,0,6,6
9508,8,0,6
9510,1,2,6
9512,0,6,6
9515,0,2,9
9516,9,7,6
9517,9,0,6
9519,9,0,6
9520,1,6,8
9521,2,3,6
9523,5,2,1
9525,2,5,3
9526,9,6,6
9532,8,7,6
9533,0,4,6
9535,1,2,6
9538,8,0,7
9539,0,8,1
9542,1,0,6
9544,0,7,6
9545,9,0,6
9547,4,5,5
9548,2,5,6
9549,4,5,3
9551,5,2,8
9552,9,8,8
9554,7,5,3
9555,4,5,3
9558,0,8,4
9559,1,0,9
9560,9,2,6
9562,3,2,1
9564,9,6,6
9565,0,6,6
9566,9,0,8
9568,8,0,6
9569,6,0,5
9570,7,5,3
9572,8,0,6
9577,0,6,6
9578,3,2,0
9580,1,0,8
9581,7,4,8
9584,3,5,5
9587,7,2,6
9588,1,2,6
9589,5,2,6
9591,1,6,9
9592,1,2,9
9594,9,3,6
9595,7,8,8
9596,5,2,7
9597,4,5,6
9598,9,0,6
9599,7,4,5
9602,0,7,6
9603,2,5,5
9604,8,0,6
9608,0,8,6
9611,8,2,2
9617,8,0,3
9618,1,2,6
9619,8,0,9
9620,4,5,0
9623,9,0,6
9624,2,6,6
9626,1,2,6
9627,4,2,3
9628,9,6,6
9629,1,2,6
9631,7,4,3
9634,1,2,8
9637,5,0,6
9638,2,5,8
9639,2,5,3
9640,5,2,8
9642,0,8,4
9645,1,7,6
9647,3,2,1
9648,3,5,5
9650,8,4,6
9651,7,2,4
9652,5,2,1
9655,8,0,6
9656,0,6,9
9658,9,2,6
9659,4,5,3
9660,6,4,8
9662,1,6,6
9663,1,6,9
9664,0,8,6
9666,3,4,6
9667,9,0,8
9669,8,3,4
9670,1,2,6
9671,7,4,3
9672,7,5,3
9673,9,2,6
9674,9,0,6
9675,4,0,9
9676,3,2,7
9679,2,5,9
9680,8,6,6
9682,7,2,3
9684,7,5,3
9685,0,8,2
9687,1,7,8
9689,9,2,6
9690,4,5,6
9691,6,5,0
9692,9,0,8
9694,1,0,8
9695,0,6,1
9696,1,7,8
9697,8,2,6
9698,7,4,0
9700,0,6,6
9701,4,5,3
9702,7,4,3
9703,4,8,5
9706,9,6,7
9708,9,8,6
9709,0,6,1
9710,7,4,8
9711,4,5,5
9714,1,7,6
9715,4,2,5
9717,9,0,1
9719,8,7,3
9720,8,7,6
9721,6,5,0
9722,3,2,6
9724,0,8,6
9726,9,6,6
9730,6,0,8
9731,2,5,7
9732,9,0,3
9733,7,2,4
9736,8,2,6
9739,1,0,6
9742,9,6,6
9745,3,5,7
9747,0,6,6
9748,3,4,7
9749,0,2,9
9751,0,5,6
9753,3,5,1
9754,9,0,8
9755,3,5,7
9757,7,4,3
9760,9,1,6
9763,1,8,6
9764,2,5,6
9765,4,7,3
9768,7,8,3
9769,8,7,6
9770,4,5,5
9772,0,7,6
9773,9,6,6
9774,5,4,7
9775,9,7,6
9777,9,0,6
9779,2,4,3
9780,4,0,7
9781,3,5,0
9782,2,5,6
9783,2,6,6
9784,8,7,7
9788,1,6,6
9793,2,0,7
9795,4,5,5
9796,9,8,8
9797,1,7,6
9799,7,5,8
9800,1,7,6
9802,0,7,2
9803,1,2,8
9806,8,6,9
9807,1,7,6
9808,1,2,9
9810,8,2,6
9811,1,2,6
9813,1,7,8
9814,8,2,7
9816,1,0,9
9821,4,5,9
9822,0,6,6
9824,1,0,8
9826,0,6,6
9828,9,2,6
9830,1,0,6
9831,2,6,6
9833,7,4,8
9834,8,7,1
9835,7,2,6
9837,4,5,5
9841,0,4,6
9843,1,2,6
9845,9,0,8
9846,8,2,3
9847,0,8,6
9849,0,6,6
9852,0,8,6
9854,9,6,3
9855,7,8,0
9858,4,5,5
9860,0,6,6
9865,1,2,6
9866,1,2,6
9868,9,6,6
9870,2,5,5
9871,9,6,6
9873,2,6,6
9875,9,2,6
9876,0,7,6
9880,7,0,8
9881,9,0,8
9882,1,2,6
9883,7,2,9
9885,8,6,9
9886,4,8,3
9888,0,5,6
9889,8,0,6
9890,0,8,6
9897,8,7,6
9899,7,4,3
9900,8,7,6
9904,0,8,8
9905,1,6,8
9906,1,6,6
9907,1,2,9
9908,8,2,4
9909,1,2,6
9912,0,6,8
9913,7,5,3
9914,8,7,6
9915,2,5,6
9916,1,6,6
9921,0,5,6
9925,4,2,6
9927,9,6,8
9929,8,7,6
9931,0,6,6
9932,8,0,6
9933,7,3,3
9934,4,5,3
9935,1,0,6
9938,9,6,6
9941,1,2,6
9942,7,8,9
9943,7,2,8
9944,7,5,3
9945,7,5,9
9946,0,6,6
9947,3,2,7
9948,8,6,6
9949,3,5,5
9950,3,4,8
9951,0,8,6
9953,7,5,3
9954,0,6,6
9955,8,2,6
9956,0,7,6
9957,0,6,6
9958,9,0,6
9961,3,2,4
9963,8,7,7
9965,2,5,6
9967,3,2,1
9970,2,5,6
9971,9,0,6
9973,0,6,6
9974,1,7,3
9975,7,2,9
9977,5,2,1
9978,7,0,8
9979,3,4,7
9980,0,7,6
9981,4,3,9
9984,7,5,8
9986,8,7,1
9987,0,6,8
9988,8,0,6
9989,2,5,5
9990,7,4,3
9991,0,6,8
9994,3,4,7
9998,1,6,8
9999,7,2,3
