Accuracy on the validation data,0.7619

Number of Type I results,12
Number of Type II results,247
Number of Type III results,567
Number of Type IV results,6793

Ratio of Type IV results to correct results,0.8915868224176401

Details of Type IV results
Input index,rp,r1,r2
0,3,4,7
1,8,3,3
2,8,1,1
3,0,1,4
4,6,8,8
5,6,9,1
8,3,1,5
9,1,6,4
11,9,2,2
13,7,3,6
14,9,8,0
16,5,9,6
17,7,8,0
18,8,4,4
19,6,8,8
21,0,9,3
22,4,7,9
23,9,8,2
27,0,4,9
28,9,2,0
29,6,1,1
30,6,1,7
31,5,9,9
34,9,2,0
38,9,2,4
39,5,0,6
43,6,0,8
44,0,4,3
45,9,3,0
46,3,6,9
47,9,2,0
48,7,2,6
50,9,2,4
51,8,4,3
53,3,1,0
54,8,7,9
55,8,2,3
56,7,6,9
60,7,5,6
62,6,5,4
64,6,1,8
65,2,1,8
67,2,3,8
68,3,1,1
69,7,1,9
72,8,4,4
73,8,7,3
74,0,1,2
75,2,6,3
77,3,0,9
78,3,5,6
79,8,9,5
80,8,0,3
82,1,5,4
83,7,9,6
84,2,4,3
85,5,4,6
86,2,1,9
88,8,7,2
89,9,2,7
90,0,4,2
92,8,3,3
93,6,5,8
94,4,1,2
95,6,0,0
96,6,8,7
98,0,9,2
99,7,5,5
100,4,0,2
101,5,7,9
102,6,3,0
103,3,1,0
104,1,4,4
105,1,2,4
107,6,2,1
108,8,0,4
109,7,1,0
110,4,2,1
111,0,1,4
113,2,1,3
114,1,8,7
115,3,0,2
116,0,9,3
118,2,0,0
120,8,1,4
121,3,9,0
124,8,1,0
125,0,4,8
126,8,4,9
127,3,0,6
130,4,6,9
131,1,2,7
132,8,2,3
133,9,2,4
134,1,9,2
135,2,1,9
136,9,2,0
137,7,2,6
141,5,1,6
142,6,0,8
144,8,1,4
145,7,3,1
146,6,8,1
148,5,1,4
149,2,0,4
152,6,0,8
153,0,9,2
156,2,9,3
157,9,2,0
159,4,8,5
161,1,4,7
162,6,1,5
167,4,0,5
169,0,2,4
170,9,8,1
171,9,7,7
173,8,0,9
174,9,2,7
175,9,2,0
176,3,9,2
177,7,0,6
179,0,2,4
180,0,9,2
181,5,1,9
182,2,4,3
183,2,1,3
184,3,0,2
185,8,2,3
186,6,4,9
187,3,6,9
190,5,6,9
191,8,0,4
192,0,2,4
193,1,6,0
194,7,8,9
196,8,9,0
197,8,9,9
198,7,1,9
199,8,2,4
202,8,2,4
205,3,1,6
206,0,3,2
207,5,6,9
208,7,9,6
209,9,2,0
210,7,8,0
212,5,9,0
215,0,9,4
216,7,9,5
217,9,1,0
219,2,8,9
220,7,9,6
222,9,3,0
224,3,0,9
230,5,9,9
231,1,2,3
233,8,1,1
234,8,2,4
235,0,9,2
238,5,9,9
243,9,2,2
244,0,4,2
245,3,0,9
246,1,8,7
248,2,1,4
250,5,9,9
251,3,1,4
252,9,3,2
255,0,9,9
256,3,1,1
257,0,3,2
260,8,1,7
261,1,8,4
264,0,4,3
265,8,2,4
267,4,8,3
268,7,9,6
269,0,1,8
270,2,9,9
274,8,4,4
276,0,2,4
278,4,6,7
279,3,0,2
280,9,4,2
281,0,2,4
282,6,5,9
283,1,2,3
285,9,2,0
286,1,3,6
288,7,4,6
289,9,2,0
291,2,1,3
292,6,8,9
294,3,9,2
295,4,6,9
296,6,0,7
297,0,2,3
298,0,9,9
299,6,8,5
301,6,1,8
304,6,0,0
305,1,2,4
307,2,1,3
308,1,2,4
310,8,2,3
311,6,0,3
313,0,9,9
314,4,6,3
315,0,9,9
316,7,0,6
317,7,6,6
318,5,0,6
319,5,6,0
320,3,1,1
323,3,6,9
325,1,2,6
326,7,8,6
327,5,3,9
328,4,1,5
329,6,0,1
330,1,7,3
331,9,3,0
332,3,4,9
333,6,0,7
334,6,4,8
335,9,2,5
336,3,1,9
337,8,2,4
338,0,4,2
339,7,5,6
340,2,8,8
341,6,8,8
342,2,9,8
344,8,1,5
345,5,6,9
346,4,0,9
349,9,2,2
350,9,2,0
351,1,2,3
353,2,9,3
358,8,2,1
359,0,2,4
360,9,2,2
361,5,9,6
363,1,7,3
364,9,2,2
368,8,4,9
369,1,3,4
371,7,9,6
372,9,2,7
375,7,0,2
377,7,2,1
379,6,0,7
380,6,0,1
381,9,2,8
382,0,9,2
386,7,6,6
387,2,4,8
389,5,9,0
391,2,4,3
392,6,5,5
393,2,0,4
395,6,5,8
396,2,6,5
397,3,1,5
398,0,2,3
399,3,8,4
400,9,2,0
401,8,3,3
402,7,9,6
403,8,4,3
404,8,2,1
405,4,6,5
406,0,9,3
408,8,9,3
409,2,8,3
410,7,0,6
411,9,7,0
412,3,5,2
413,6,5,3
414,1,2,5
415,9,2,2
417,7,1,4
418,3,6,6
419,7,4,9
420,4,0,9
423,0,1,7
424,2,6,3
425,9,2,2
429,6,0,8
430,2,6,9
432,3,1,9
433,7,3,6
435,7,6,6
436,2,1,9
438,3,4,0
439,1,2,4
440,1,5,4
441,4,1,9
442,9,2,0
443,9,2,2
444,5,0,9
445,7,6,5
446,5,0,9
447,0,9,3
448,2,8,5
449,2,9,9
451,9,2,0
452,7,1,6
453,3,9,9
454,9,2,0
455,4,0,9
458,4,0,9
460,5,6,9
461,6,0,8
462,1,8,3
464,3,1,1
465,4,7,8
467,3,9,9
468,7,6,6
470,3,4,9
471,7,5,6
472,8,7,3
473,0,7,2
475,7,9,6
477,0,2,4
480,8,2,4
481,6,0,8
482,8,0,4
483,5,7,2
484,5,9,0
486,9,2,4
487,9,0,2
489,0,9,2
490,1,3,4
491,0,4,7
492,8,2,3
495,8,2,4
496,0,1,7
497,2,3,3
498,2,6,5
501,6,0,8
504,9,4,2
505,4,5,2
506,7,2,2
507,9,5,0
509,4,6,9
510,5,9,6
511,6,0,8
512,6,0,7
513,1,5,0
514,5,3,6
515,3,8,0
516,8,1,9
517,9,5,0
518,5,0,9
519,8,7,4
520,5,9,9
521,7,8,2
523,7,2,9
524,0,5,3
525,5,9,6
527,0,9,3
528,4,7,5
529,6,0,3
530,9,2,7
534,6,0,1
536,6,4,8
537,2,8,3
539,0,1,3
540,1,2,2
542,6,9,7
543,7,9,9
544,5,1,6
545,9,2,2
547,6,1,7
549,5,4,6
550,5,6,6
551,5,3,6
552,8,7,9
554,9,2,0
555,4,2,9
556,6,0,8
557,4,6,1
558,3,1,8
559,2,1,3
560,0,9,2
562,6,0,8
563,2,1,3
564,2,6,3
566,9,2,2
568,9,4,0
569,2,5,8
570,6,1,4
571,7,8,6
573,3,1,9
574,6,1,7
575,6,0,5
576,8,3,4
578,7,8,6
579,5,1,4
580,4,5,9
582,8,1,4
583,4,1,9
584,0,4,3
585,9,3,2
586,3,0,1
587,4,8,5
588,8,2,4
589,9,2,2
590,6,4,8
591,9,2,0
592,2,6,3
593,6,0,8
597,3,1,9
600,8,1,4
601,5,1,2
602,0,2,3
603,2,9,5
604,1,2,4
605,6,0,0
607,3,6,9
608,3,1,1
609,9,2,2
610,6,1,8
612,8,9,0
613,8,2,0
614,5,9,9
615,8,1,3
616,6,5,8
618,2,6,3
619,1,3,4
620,7,5,0
621,7,9,2
622,1,9,3
624,7,8,6
625,9,2,0
627,4,1,8
628,4,2,9
631,5,6,9
632,6,1,8
633,8,1,4
634,7,1,6
635,6,8,8
636,8,2,3
638,0,8,2
640,5,3,6
641,3,4,2
642,0,8,9
643,7,3,6
644,9,2,0
645,1,2,4
646,3,6,9
647,4,5,6
648,4,0,1
650,3,0,8
651,9,2,7
652,5,3,6
653,6,4,1
654,9,2,4
655,2,4,3
656,1,3,4
658,4,0,7
659,1,4,3
661,4,6,2
662,7,8,2
663,6,2,8
664,3,4,9
666,9,3,0
667,0,5,2
668,1,2,7
670,6,1,7
673,3,0,8
675,0,9,3
679,5,1,9
680,9,2,0
681,6,0,8
682,4,1,9
683,8,2,3
684,9,7,2
686,9,2,0
687,6,5,8
691,2,6,3
692,2,4,3
693,7,9,6
694,8,2,4
695,3,1,0
696,8,2,3
698,7,5,6
700,7,8,2
701,2,4,3
703,8,1,4
704,7,4,2
705,4,5,5
706,2,4,3
707,9,4,0
708,8,2,4
709,8,1,4
710,6,9,5
712,8,2,4
713,7,5,9
714,4,0,2
715,3,1,1
716,3,1,9
717,8,9,9
718,4,8,5
719,9,8,0
721,8,2,4
722,8,1,3
723,1,2,3
726,1,2,4
727,3,9,5
728,6,5,7
732,7,8,6
733,9,5,0
737,4,0,5
741,7,8,6
742,0,2,7
743,7,9,2
745,7,4,6
746,6,1,9
747,6,0,1
748,2,0,9
750,9,2,2
753,1,2,0
754,2,6,9
755,2,0,8
756,6,0,8
757,8,7,4
758,2,8,3
759,1,2,3
761,6,9,9
762,6,0,7
763,0,2,9
769,4,3,9
771,1,4,2
772,6,0,8
774,0,9,3
775,2,6,8
777,6,0,8
778,0,5,2
780,9,2,2
781,1,8,4
782,7,6,6
783,6,0,8
784,7,2,6
785,0,2,3
786,3,1,9
788,6,4,4
789,8,3,4
791,0,9,7
792,3,9,9
794,7,8,6
795,7,6,0
800,7,8,6
804,4,8,6
807,4,6,9
808,7,1,6
809,7,3,0
810,5,0,4
812,7,8,6
813,2,6,3
814,0,4,3
815,8,2,9
818,8,2,3
820,6,4,4
821,2,6,5
822,0,2,3
823,8,3,3
824,7,9,6
826,7,6,0
827,6,0,1
828,5,6,9
829,3,7,1
832,2,6,3
833,2,1,3
834,5,6,1
837,2,0,6
838,9,6,0
839,2,0,3
840,7,9,6
841,0,7,8
842,7,8,6
843,2,4,8
846,2,1,3
849,4,6,9
850,7,9,6
852,8,2,9
854,0,9,2
856,7,2,9
858,7,9,6
859,8,2,4
860,4,6,9
861,6,5,3
863,3,9,2
864,0,9,7
865,1,2,4
866,3,9,4
867,7,5,9
870,3,1,8
871,1,3,3
872,4,5,7
873,2,3,4
875,8,3,3
876,4,6,9
877,2,0,0
879,7,6,6
880,8,7,3
885,0,4,2
887,1,6,4
890,4,8,9
891,6,1,7
892,7,4,6
894,1,9,4
896,3,0,0
897,7,8,6
899,5,6,4
902,6,0,1
903,5,0,9
905,7,9,2
906,1,2,3
907,6,4,8
908,8,4,0
909,8,1,1
911,3,1,1
912,0,4,8
913,4,8,9
914,0,4,3
915,1,6,3
917,8,4,3
918,8,1,2
919,0,4,2
920,6,5,1
921,9,2,0
922,9,2,4
923,9,8,0
926,8,0,3
929,0,7,2
930,4,6,9
931,2,4,9
934,7,6,9
935,2,0,8
936,2,4,8
938,9,8,0
940,9,2,4
942,7,3,2
944,0,2,2
945,3,9,1
946,0,2,5
947,1,3,3
948,3,1,9
949,8,6,3
950,3,0,8
951,9,2,2
954,4,6,9
955,7,0,6
958,7,0,9
959,8,2,3
960,9,2,0
962,1,3,7
963,6,5,1
964,6,0,8
966,6,9,9
967,9,2,4
968,1,6,3
969,9,2,0
970,9,2,2
972,2,6,4
973,1,8,7
975,0,9,2
976,6,1,4
977,8,0,3
979,9,2,2
980,2,1,3
983,4,2,5
984,7,8,1
985,8,0,4
988,2,1,3
989,0,9,5
990,1,3,7
991,5,2,9
992,8,7,2
994,6,0,0
995,3,4,5
996,8,0,4
997,1,2,7
998,3,1,9
999,8,2,4
1000,5,7,6
1001,0,4,3
1002,8,2,5
1003,4,6,9
1004,8,9,4
1005,1,2,3
1006,1,3,8
1007,8,2,3
1009,6,0,1
1010,0,9,2
1011,8,2,4
1012,6,4,4
1013,1,9,7
1014,3,6,9
1015,4,2,9
1016,1,8,9
1017,6,0,8
1018,0,9,3
1020,1,2,4
1021,1,4,3
1022,0,9,8
1023,0,4,3
1024,3,9,6
1027,0,3,3
1028,6,8,8
1029,6,8,8
1030,3,8,9
1031,3,0,9
1033,3,0,9
1036,0,1,1
1037,7,5,2
1038,2,0,3
1039,2,6,9
1041,5,1,2
1043,2,8,3
1044,8,2,3
1045,5,6,6
1046,2,6,9
1048,1,2,8
1054,1,8,0
1055,5,0,6
1056,3,9,0
1060,9,2,0
1065,3,4,9
1067,0,8,9
1068,9,2,0
1069,6,1,2
1070,3,4,0
1071,6,2,8
1073,7,3,6
1075,8,2,2
1077,0,9,2
1078,0,7,3
1079,6,0,7
1080,6,4,7
1081,6,0,5
1082,9,2,8
1083,2,6,3
1084,5,9,9
1086,4,5,5
1087,6,5,8
1088,3,5,9
1089,6,0,9
1090,0,4,3
1091,8,4,3
1092,6,4,8
1094,6,0,8
1095,2,4,1
1096,7,6,6
1097,5,2,6
1098,1,6,4
1099,2,4,3
1101,8,7,4
1102,8,0,9
1106,9,2,0
1107,7,8,2
1108,2,1,3
1109,0,4,7
1110,2,1,4
1111,8,2,4
1112,3,4,9
1113,8,9,2
1114,9,3,2
1115,1,4,4
1117,5,9,9
1119,7,6,6
1121,3,1,2
1123,3,6,0
1125,6,5,7
1127,8,9,3
1132,2,6,9
1133,4,6,5
1135,6,8,9
1136,9,1,7
1139,8,4,9
1140,6,0,8
1142,8,1,2
1143,6,5,9
1144,1,2,3
1145,4,0,5
1146,2,6,9
1148,2,1,3
1149,7,6,9
1151,2,1,5
1152,0,4,3
1153,8,9,9
1154,6,0,8
1157,7,8,2
1158,1,2,3
1159,8,2,3
1160,8,2,2
1161,0,1,7
1162,7,9,6
1167,4,5,9
1168,3,6,5
1170,7,2,2
1171,9,2,0
1172,2,9,6
1173,3,0,9
1174,1,2,7
1175,9,1,4
1176,1,4,4
1179,3,6,6
1182,1,2,4
1183,0,4,2
1184,6,5,8
1186,4,6,5
1187,1,5,7
1188,0,4,2
1190,1,2,4
1191,1,2,3
1192,6,4,4
1194,4,0,9
1195,6,0,8
1196,2,6,5
1197,0,9,2
1198,7,8,6
1200,8,7,0
1201,7,9,9
1202,2,1,6
1204,6,3,9
1207,4,0,3
1209,7,4,6
1210,0,9,2
1211,6,0,2
1212,1,6,6
1214,5,9,6
1215,7,8,6
1216,8,3,1
1217,4,8,5
1218,8,1,3
1219,3,9,8
1221,9,3,0
1225,6,0,5
1226,6,5,8
1227,3,6,6
1229,1,3,3
1231,9,2,2
1233,4,0,9
1234,1,2,4
1235,5,6,6
1237,0,9,2
1238,1,2,8
1241,0,1,7
1242,8,2,1
1243,8,7,3
1245,6,1,1
1247,3,4,8
1248,2,9,8
1249,4,6,9
1250,7,0,6
1252,5,9,6
1254,2,4,3
1255,4,0,5
1257,2,0,3
1259,8,2,4
1260,1,2,7
1262,8,9,4
1263,8,1,3
1265,9,2,2
1267,4,8,9
1269,3,9,2
1270,1,2,3
1271,8,2,4
1273,6,5,1
1274,3,0,9
1277,2,6,3
1278,2,0,3
1279,8,3,9
1281,8,0,4
1282,9,3,3
1284,8,1,9
1285,9,3,0
1286,8,1,4
1287,9,4,4
1289,6,4,8
1291,9,2,4
1294,8,9,4
1295,0,1,5
1296,7,9,6
1298,9,1,2
1301,1,2,7
1303,4,6,9
1305,9,2,0
1306,1,4,3
1309,6,8,9
1310,0,3,3
1311,8,2,3
1313,1,4,4
1314,9,2,0
1316,5,9,6
1317,9,2,0
1319,0,3,2
1320,7,8,6
1321,2,1,5
1322,0,9,9
1323,0,4,3
1324,4,8,9
1325,2,6,5
1326,6,8,1
1327,6,0,8
1328,5,0,9
1329,5,6,7
1331,8,0,7
1332,1,8,7
1333,7,8,0
1334,3,4,0
1335,1,2,3
1336,4,6,9
1337,5,0,6
1338,6,0,8
1339,5,6,1
1340,1,3,4
1341,4,6,2
1342,7,5,6
1343,0,2,4
1344,9,2,2
1345,4,9,9
1347,8,4,3
1348,2,6,8
1349,8,7,4
1350,4,0,5
1351,7,5,2
1352,2,3,0
1354,1,6,4
1356,2,8,3
1357,9,8,0
1358,8,0,9
1359,9,2,0
1360,7,2,9
1361,9,3,0
1363,1,7,4
1364,4,5,9
1365,0,9,3
1366,8,0,3
1367,2,1,3
1368,3,9,2
1369,8,7,4
1370,9,2,2
1371,1,2,4
1373,3,0,1
1375,4,1,3
1376,9,2,0
1378,1,2,4
1383,8,0,1
1384,9,2,2
1385,5,0,6
1386,3,1,9
1387,9,2,7
1389,5,6,9
1390,6,0,5
1392,2,6,9
1393,4,0,1
1395,3,1,2
1397,0,2,3
1398,7,2,6
1399,2,0,3
1401,4,9,5
1402,7,2,6
1403,6,4,8
1404,1,5,3
1405,1,8,2
1406,9,2,2
1407,8,1,9
1408,1,8,4
1409,0,9,4
1411,3,7,5
1412,1,2,8
1415,7,8,6
1416,3,0,6
1417,9,2,0
1418,6,4,8
1419,8,2,3
1421,6,4,3
1422,8,0,2
1423,4,8,3
1424,9,3,4
1426,7,9,2
1428,7,8,6
1430,8,2,9
1431,4,6,9
1432,9,2,4
1434,0,9,2
1435,1,3,8
1436,6,0,7
1437,1,6,7
1439,9,1,3
1440,0,1,9
1441,4,6,9
1442,3,5,1
1446,0,8,8
1447,8,2,3
1448,4,6,2
1449,6,0,1
1450,2,1,9
1451,2,6,1
1452,6,1,1
1455,6,9,9
1457,1,2,4
1458,1,4,3
1459,8,2,2
1460,6,8,8
1461,0,7,2
1462,4,6,9
1463,0,1,3
1464,1,2,3
1465,9,1,7
1466,7,3,6
1467,1,3,4
1468,3,0,0
1469,7,5,9
1470,7,9,9
1471,8,2,3
1472,7,5,2
1473,7,8,6
1475,9,2,0
1476,7,3,6
1477,7,9,6
1478,7,0,0
1481,2,0,3
1482,8,2,0
1483,6,0,8
1484,4,0,9
1486,7,2,6
1487,9,8,0
1488,8,2,3
1490,8,1,9
1493,1,8,3
1494,7,0,2
1496,2,1,8
1497,8,0,4
1499,8,2,1
1500,1,2,2
1502,2,6,3
1505,2,4,9
1508,8,2,2
1510,8,0,9
1511,1,5,4
1512,8,2,2
1513,6,0,8
1514,0,2,4
1515,2,1,6
1516,4,0,5
1517,1,3,4
1518,3,7,9
1519,6,4,8
1520,7,4,0
1522,4,7,9
1524,3,1,4
1526,4,0,2
1528,2,9,8
1531,7,4,6
1532,8,9,3
1533,4,5,2
1534,4,6,5
1535,4,1,9
1539,2,1,3
1540,8,3,3
1542,5,6,6
1543,5,9,9
1545,1,2,8
1546,4,6,9
1547,2,9,3
1550,6,2,0
1552,3,9,0
1553,4,6,9
1554,4,0,8
1555,0,9,1
1556,8,4,3
1557,8,2,3
1558,4,6,7
1560,7,9,6
1561,5,8,9
1562,6,0,8
1563,9,8,0
1564,1,6,0
1566,7,1,9
1567,2,1,4
1568,0,9,2
1573,0,3,2
1575,2,6,4
1578,6,0,9
1579,0,4,2
1582,9,2,7
1583,1,8,9
1585,7,1,6
1586,5,0,6
1587,2,0,3
1588,5,6,9
1589,6,0,8
1590,4,7,5
1591,1,3,7
1592,4,0,5
1593,3,0,9
1595,3,8,4
1597,3,4,5
1598,5,9,6
1600,8,2,3
1601,9,2,0
1602,7,1,0
1603,3,9,6
1604,1,5,4
1608,4,6,9
1609,4,2,2
1611,3,1,8
1612,3,4,1
1613,8,6,1
1615,7,3,9
1616,7,6,6
1617,0,9,2
1619,4,6,9
1621,1,5,3
1625,3,1,0
1627,9,1,2
1629,9,2,0
1630,9,4,2
1631,1,2,7
1633,1,2,3
1634,6,0,1
1635,7,8,2
1637,5,1,0
1639,9,0,2
1641,6,4,9
1642,5,2,0
1643,9,3,4
1644,2,6,1
1645,4,0,6
1646,0,2,2
1647,7,6,6
1648,8,2,4
1650,5,0,6
1651,0,4,2
1652,0,9,1
1653,9,3,2
1654,9,8,6
1655,8,2,3
1657,5,9,9
1658,4,0,9
1659,8,9,9
1660,3,0,1
1661,6,0,8
1662,3,5,0
1663,6,0,7
1664,0,5,3
1665,6,0,8
1666,6,1,3
1667,6,0,1
1668,9,2,2
1671,8,3,4
1672,6,0,1
1673,2,1,4
1676,8,0,4
1677,1,8,3
1678,2,6,4
1679,7,3,6
1680,6,0,7
1682,7,4,6
1683,8,2,2
1688,6,8,8
1689,9,2,0
1695,9,3,0
1697,9,2,0
1698,5,6,9
1699,7,8,9
1701,5,1,6
1702,9,7,2
1703,5,7,1
1704,3,9,9
1705,0,2,4
1706,1,3,4
1707,9,2,0
1711,1,8,9
1712,0,7,3
1716,1,2,4
1717,7,6,2
1719,0,7,2
1720,4,5,1
1722,6,4,3
1725,0,2,2
1726,0,9,2
1728,0,4,2
1729,8,0,3
1733,3,4,9
1734,9,1,2
1735,0,2,5
1736,5,1,9
1738,5,0,2
1740,1,2,4
1742,8,3,9
1743,1,9,7
1744,0,5,3
1745,5,9,4
1747,1,2,4
1748,0,9,9
1749,2,8,9
1750,8,4,3
1751,1,8,4
1752,5,0,9
1753,6,0,9
1754,7,5,2
1755,7,1,6
1757,6,1,8
1758,2,9,3
1760,0,2,3
1762,4,2,6
1763,2,8,7
1764,5,3,6
1765,4,7,8
1767,2,6,4
1768,2,4,3
1770,7,0,6
1773,5,9,0
1774,5,9,9
1775,3,1,9
1777,4,8,8
1780,7,8,6
1783,8,7,4
1784,1,2,4
1785,0,9,2
1786,1,2,4
1787,3,9,9
1790,7,6,6
1791,4,1,1
1792,9,2,0
1793,5,6,0
1794,3,0,0
1795,6,4,7
1797,1,6,3
1798,4,6,5
1799,4,7,2
1801,4,6,9
1802,2,1,3
1805,8,1,9
1806,1,2,4
1807,5,9,0
1808,9,8,7
1809,8,4,3
1810,1,2,7
1815,9,3,0
1816,7,5,2
1818,5,6,1
1819,0,4,3
1820,8,1,5
1822,7,1,3
1824,9,2,0
1825,2,4,3
1826,8,3,3
1828,7,9,6
1831,9,2,2
1832,6,1,8
1833,8,1,3
1834,9,2,0
1836,4,6,9
1837,9,8,0
1839,7,9,2
1841,9,2,4
1842,4,5,2
1843,8,2,4
1844,9,2,0
1845,7,3,2
1846,2,0,8
1847,5,1,9
1848,3,1,8
1849,7,2,6
1851,0,9,3
1852,2,9,3
1853,9,2,0
1855,5,1,6
1856,8,7,0
1857,5,6,6
1859,2,3,6
1860,8,9,4
1864,7,5,6
1865,7,5,6
1866,8,7,3
1867,6,0,8
1869,8,7,3
1870,2,9,3
1871,3,0,0
1872,5,0,1
1873,6,0,8
1874,8,2,3
1875,0,9,2
1877,3,1,9
1879,0,8,2
1880,1,2,4
1881,9,2,3
1882,1,5,4
1885,5,9,6
1886,8,3,9
1887,3,1,0
1888,2,6,9
1889,9,1,2
1891,8,2,4
1893,9,5,2
1894,3,1,8
1896,9,2,4
1897,8,1,3
1899,7,6,6
1900,8,2,3
1901,5,6,0
1903,0,4,2
1904,1,2,4
1907,1,8,4
1908,5,1,1
1910,4,6,9
1912,0,7,5
1913,9,5,0
1914,9,2,0
1915,9,2,0
1916,9,8,7
1917,8,1,9
1918,2,1,6
1919,4,8,9
1920,2,9,3
1922,5,6,0
1923,1,2,4
1925,1,4,4
1928,4,0,9
1929,2,1,3
1930,1,9,4
1931,6,8,8
1932,0,3,3
1934,7,6,3
1940,5,3,6
1941,7,6,6
1943,8,1,3
1946,8,2,3
1947,3,9,0
1948,5,4,6
1949,0,1,9
1950,5,6,9
1951,7,9,2
1952,4,6,9
1956,7,1,2
1958,6,1,5
1959,0,4,3
1960,2,0,4
1961,7,0,6
1964,3,4,6
1965,0,8,9
1966,7,8,6
1968,8,0,3
1970,1,2,2
1971,4,1,9
1973,0,1,3
1974,6,5,8
1975,6,3,1
1976,5,3,0
1977,5,9,9
1978,6,1,5
1979,3,1,0
1980,9,2,0
1981,3,1,9
1982,6,0,8
1984,7,6,6
1987,9,4,2
1988,5,3,0
1991,1,2,0
1992,6,1,8
1995,2,9,3
1998,8,0,4
1999,5,9,1
2000,1,8,5
2004,7,8,6
2005,5,1,6
2006,7,3,6
2007,8,2,2
2008,9,2,0
2009,1,9,7
2012,5,9,0
2013,6,4,7
2014,8,3,2
2015,4,2,1
2016,6,0,1
2018,3,1,9
2019,9,4,0
2020,9,2,0
2021,8,1,3
2023,5,6,2
2024,6,0,0
2027,9,4,6
2028,7,8,6
2030,4,8,7
2031,1,2,4
2032,4,2,9
2033,2,5,9
2035,6,0,0
2038,2,6,3
2039,8,6,7
2040,0,4,3
2041,0,9,7
2042,1,2,7
2043,8,2,3
2045,1,2,4
2047,5,9,8
2048,8,2,4
2050,8,2,3
2051,5,9,9
2053,6,8,8
2054,3,4,9
2056,5,0,6
2057,5,0,0
2062,7,2,6
2063,1,7,7
2064,8,7,3
2068,3,1,5
2070,2,0,3
2071,9,2,2
2072,6,9,8
2073,2,0,3
2074,2,1,3
2076,3,4,0
2077,0,9,2
2079,0,3,8
2080,1,8,4
2081,3,1,8
2082,2,0,3
2084,7,9,6
2085,0,4,3
2086,1,9,7
2087,0,9,2
2088,7,8,2
2089,7,9,6
2093,6,8,8
2094,5,3,9
2095,0,9,5
2097,2,5,9
2098,0,3,4
2099,1,2,3
2100,2,0,3
2101,6,0,1
2102,0,2,3
2103,1,8,4
2104,6,5,8
2105,6,8,1
2106,5,6,9
2107,3,6,0
2109,0,2,2
2112,1,6,4
2113,0,9,2
2115,5,9,2
2116,9,2,0
2118,8,2,9
2119,6,0,7
2121,6,0,7
2122,0,9,3
2123,2,1,3
2124,0,9,2
2125,1,6,7
2126,9,2,2
2131,7,2,2
2133,3,0,0
2134,4,9,1
2135,8,0,3
2137,2,1,9
2138,6,4,1
2140,9,8,0
2142,1,6,4
2143,9,2,4
2146,2,1,3
2149,6,2,8
2150,9,2,2
2152,7,2,8
2153,8,3,3
2156,8,0,5
2157,3,4,5
2160,0,2,3
2163,7,2,2
2164,1,8,3
2166,0,2,3
2167,7,1,0
2169,8,0,9
2170,2,4,3
2173,3,0,1
2174,9,0,0
2175,3,0,2
2177,9,3,0
2178,3,2,9
2179,1,2,4
2182,4,0,9
2183,4,0,5
2184,9,2,2
2185,0,4,4
2188,9,2,0
2189,2,0,8
2190,9,2,3
2194,8,2,4
2195,4,1,9
2197,6,0,8
2200,0,1,3
2201,5,9,0
2202,9,3,0
2203,6,1,2
2204,9,2,0
2205,5,6,0
2206,1,2,7
2207,3,1,1
2208,4,8,5
2210,2,0,3
2211,7,8,6
2212,2,6,4
2213,4,2,1
2214,4,6,9
2215,0,2,2
2220,1,2,4
2221,2,1,3
2223,8,2,3
2224,1,6,9
2227,8,3,3
2228,7,3,6
2229,4,0,5
2230,3,4,9
2231,3,0,1
2234,7,9,6
2235,2,4,3
2236,5,0,6
2237,6,4,9
2238,1,6,4
2239,7,6,2
2241,0,9,5
2243,3,0,2
2245,8,4,3
2247,5,1,0
2248,0,1,4
2249,0,3,2
2250,7,0,2
2252,3,0,0
2254,8,1,4
2256,4,8,5
2257,0,1,9
2258,1,8,3
2260,4,0,3
2261,3,1,9
2262,2,5,3
2263,6,0,1
2265,8,2,3
2266,8,3,9
2267,6,8,0
2268,3,1,6
2269,3,0,9
2271,9,1,3
2272,7,6,6
2274,1,9,2
2277,5,4,0
2278,9,1,0
2279,9,2,4
2280,4,1,9
2281,5,3,0
2282,9,2,7
2287,2,5,3
2290,9,2,2
2291,5,6,6
2294,1,8,7
2295,8,7,4
2296,9,2,0
2297,7,5,9
2298,0,9,5
2301,2,1,3
2302,0,5,2
2303,2,1,9
2304,6,8,7
2306,3,1,2
2307,9,6,0
2308,1,3,8
2309,6,0,9
2312,2,1,0
2314,3,6,1
2315,2,0,9
2317,5,9,6
2318,2,1,3
2319,7,1,2
2322,0,9,3
2326,7,8,6
2328,7,5,6
2329,4,1,1
2330,0,2,3
2332,2,1,3
2333,6,2,7
2334,1,5,0
2336,9,2,2
2337,7,0,6
2338,6,0,1
2339,2,6,9
2340,7,2,6
2341,0,4,6
2343,6,8,8
2344,0,1,2
2345,1,2,3
2346,1,2,4
2347,8,0,3
2348,4,8,1
2349,5,9,6
2351,1,9,0
2352,2,6,9
2354,8,1,3
2356,8,0,3
2357,1,7,3
2360,7,5,6
2364,6,0,8
2365,7,1,2
2367,4,0,5
2368,0,9,3
2370,0,7,3
2371,4,2,9
2373,0,9,3
2374,8,1,4
2375,0,1,2
2377,6,4,8
2378,1,6,8
2380,8,2,4
2381,5,1,6
2382,9,2,0
2383,2,4,5
2387,9,1,7
2388,0,3,2
2389,6,4,8
2390,1,4,4
2391,2,4,6
2392,5,1,0
2393,1,8,4
2394,6,5,9
2395,7,3,9
2396,1,8,9
2397,5,6,9
2398,8,2,3
2399,8,0,3
2400,0,9,8
2401,3,1,0
2404,0,8,3
2407,9,2,0
2408,2,6,3
2410,3,0,9
2412,6,0,8
2415,6,3,9
2416,6,8,7
2417,7,0,6
2418,8,3,3
2419,4,8,5
2420,8,1,4
2422,3,7,2
2424,8,9,3
2425,0,2,3
2426,2,4,3
2427,5,6,4
2428,6,8,9
2429,8,7,3
2430,7,9,9
2431,8,9,4
2433,9,4,4
2434,0,4,7
2437,8,3,2
2438,1,4,7
2439,1,2,7
2440,7,1,2
2443,2,3,3
2445,6,0,7
2446,9,2,2
2448,2,6,3
2450,1,2,7
2451,8,3,2
2454,1,8,8
2456,8,2,3
2457,6,0,1
2458,8,2,3
2459,5,9,0
2460,9,2,2
2461,0,9,9
2464,2,1,3
2465,9,2,0
2466,2,9,4
2467,9,4,4
2468,0,4,3
2469,9,2,2
2470,7,0,9
2471,8,7,9
2473,0,1,2
2474,6,0,1
2475,6,4,1
2476,8,1,3
2477,1,2,4
2478,6,8,8
2479,5,6,9
2480,8,1,5
2483,2,3,9
2484,1,4,3
2485,6,0,8
2488,6,0,1
2489,3,1,9
2490,0,6,9
2496,9,6,7
2498,3,0,9
2500,4,2,0
2502,8,9,3
2503,8,7,9
2504,1,2,4
2508,6,0,8
2510,4,0,9
2512,2,3,8
2513,2,6,3
2514,9,2,8
2517,9,2,0
2518,7,8,2
2520,1,2,3
2523,4,0,9
2527,8,1,2
2528,9,5,7
2529,3,1,0
2530,6,1,5
2534,9,2,8
2536,5,9,6
2540,2,6,9
2541,1,2,4
2544,2,6,4
2545,4,1,2
2546,8,2,3
2547,4,6,5
2548,0,2,7
2549,6,1,1
2551,2,4,8
2552,9,3,4
2553,8,2,3
2554,4,0,9
2555,7,2,0
2556,6,8,1
2558,4,5,9
2559,7,8,9
2560,7,1,6
2561,6,1,8
2562,4,1,8
2563,2,0,3
2564,2,1,9
2565,3,9,2
2566,2,1,1
2569,0,9,4
2571,9,1,7
2572,6,1,8
2574,8,1,4
2576,2,1,8
2577,4,7,9
2578,8,1,4
2579,8,7,3
2581,4,3,2
2582,5,1,6
2583,7,6,2
2584,6,0,1
2587,0,2,7
2589,0,7,3
2591,8,2,9
2593,8,1,1
2594,0,3,2
2595,4,6,2
2598,3,1,9
2600,8,2,3
2601,1,2,3
2602,6,4,8
2604,8,7,4
2607,1,2,4
2608,4,6,9
2609,5,0,9
2610,2,1,3
2611,4,0,5
2612,3,0,2
2614,0,9,2
2615,7,8,6
2616,1,5,4
2617,3,1,4
2618,5,1,6
2620,1,4,2
2621,8,1,4
2622,0,4,2
2623,4,0,9
2625,2,5,3
2627,7,6,6
2629,2,1,8
2630,2,1,8
2633,3,4,9
2636,1,5,4
2637,6,0,1
2638,4,6,5
2639,6,1,2
2640,7,8,2
2641,4,2,9
2643,3,9,5
2644,8,7,1
2646,3,0,1
2647,1,9,3
2648,4,9,5
2649,6,1,1
2652,7,6,6
2654,5,0,9
2655,4,2,9
2656,9,6,4
2657,7,9,6
2658,7,3,6
2659,2,8,8
2660,3,9,1
2662,6,9,8
2663,7,3,6
2664,4,5,3
2665,1,2,3
2666,6,0,5
2667,1,2,4
2668,0,9,2
2669,6,4,8
2670,9,3,0
2671,6,8,8
2677,7,2,6
2678,0,4,9
2679,0,9,2
2682,7,6,6
2683,5,9,6
2684,3,9,1
2686,7,5,9
2687,8,7,7
2689,5,0,9
2691,2,6,8
2692,8,4,3
2693,9,2,2
2694,1,8,7
2695,2,4,1
2697,0,1,4
2698,3,1,9
2699,4,6,9
2700,9,8,0
2702,6,1,7
2704,0,4,3
2705,8,0,3
2706,3,6,1
2707,6,1,1
2709,6,4,0
2710,7,6,2
2711,5,9,0
2712,1,6,2
2713,8,2,3
2715,0,1,2
2717,0,1,2
2720,3,1,9
2721,8,0,2
2723,2,0,8
2724,0,9,7
2725,8,1,9
2726,5,9,9
2728,2,9,3
2730,6,0,1
2731,5,6,6
2732,7,2,8
2733,3,6,6
2734,7,5,6
2735,2,1,3
2738,4,0,9
2739,2,5,3
2740,1,4,2
2741,6,0,8
2742,2,1,1
2743,9,2,0
2744,9,2,0
2745,8,7,3
2747,3,0,1
2748,1,2,4
2749,0,9,2
2750,5,6,9
2751,2,6,9
2752,3,6,5
2753,7,9,6
2754,9,3,7
2756,9,4,2
2757,1,2,7
2758,1,2,4
2759,3,1,5
2760,2,0,5
2763,4,6,9
2764,1,3,4
2765,9,2,4
2766,4,6,5
2767,5,7,9
2768,5,6,2
2769,2,6,9
2772,6,2,2
2775,3,6,2
2776,7,9,6
2778,4,0,2
2779,3,5,4
2780,7,5,6
2781,7,1,6
2783,0,9,8
2784,1,2,4
2785,4,0,1
2786,4,6,5
2787,3,1,4
2790,8,2,4
2791,7,8,6
2792,0,2,3
2793,9,8,0
2795,3,9,9
2796,7,8,6
2799,8,7,4
2800,4,0,5
2801,5,6,0
2802,6,0,8
2803,5,9,0
2804,3,0,6
2805,4,6,9
2807,9,2,0
2808,2,0,0
2809,4,8,9
2813,1,5,4
2816,7,9,8
2817,9,2,0
2819,1,8,9
2822,3,9,0
2824,7,6,2
2825,2,1,9
2827,5,9,6
2828,2,5,3
2830,6,8,3
2832,3,1,0
2833,0,9,2
2836,3,1,9
2837,8,7,4
2838,1,5,4
2839,2,6,8
2840,3,4,1
2841,2,5,1
2842,7,5,6
2846,6,1,7
2847,8,9,3
2848,6,9,7
2849,6,1,8
2850,5,1,9
2851,4,6,9
2852,2,4,8
2853,9,2,0
2855,3,1,1
2856,2,9,3
2857,0,2,3
2859,1,2,8
2860,5,9,9
2861,5,1,9
2862,6,8,5
2864,5,0,6
2865,6,0,1
2866,9,2,0
2869,4,5,3
2870,8,1,0
2872,1,2,4
2873,9,2,0
2875,1,3,7
2876,9,1,2
2877,0,4,3
2879,0,9,3
2881,7,0,6
2882,7,1,6
2883,2,0,3
2884,6,0,3
2885,5,9,6
2886,6,5,1
2887,9,2,0
2888,7,1,1
2891,7,5,8
2892,0,9,9
2893,8,2,4
2894,6,0,7
2896,8,3,4
2897,3,1,9
2898,8,6,9
2899,9,2,2
2901,2,4,4
2902,9,2,2
2903,2,3,4
2904,7,5,6
2907,9,2,7
2908,7,1,6
2909,0,9,3
2911,1,3,4
2912,2,8,5
2913,0,9,2
2915,5,9,6
2916,1,6,5
2918,2,0,9
2919,8,7,9
2921,8,0,2
2922,3,1,9
2924,1,8,4
2925,4,0,9
2926,9,2,0
2927,8,0,3
2929,1,3,4
2931,9,2,7
2932,9,8,2
2934,6,0,8
2935,8,4,4
2936,5,9,0
2937,3,4,2
2938,2,0,3
2939,2,6,3
2941,8,9,9
2944,9,3,0
2945,7,9,1
2946,9,2,2
2948,5,4,1
2949,3,1,5
2951,0,4,2
2952,3,0,0
2953,8,2,9
2954,9,2,2
2956,0,2,3
2957,8,0,4
2959,7,9,5
2961,4,2,7
2962,8,1,4
2963,3,1,9
2964,0,1,2
2965,7,6,4
2966,0,4,4
2967,7,6,6
2968,0,4,3
2969,5,0,9
2970,5,9,6
2971,4,7,3
2972,3,4,1
2973,0,2,3
2974,9,2,0
2980,8,1,9
2982,4,0,9
2983,5,3,6
2984,2,6,8
2991,3,4,6
2993,0,2,3
2994,8,2,9
2995,4,9,3
2996,8,2,2
2998,5,0,9
3000,5,6,9
3001,1,8,7
3002,7,5,6
3004,4,8,5
3006,5,9,6
3008,8,6,0
3009,7,8,6
3010,6,5,8
3015,6,0,8
3016,4,1,3
3017,5,3,6
3018,5,0,6
3020,1,3,4
3021,8,2,4
3022,7,9,9
3023,3,9,9
3024,0,4,2
3027,1,3,3
3028,1,7,3
3029,1,2,4
3030,6,8,1
3031,7,6,9
3033,1,5,3
3034,2,0,3
3035,3,6,7
3036,9,2,0
3039,1,9,4
3040,7,8,6
3041,4,0,9
3042,8,1,6
3043,4,2,9
3044,7,0,6
3046,8,3,4
3048,0,1,8
3049,3,9,1
3050,0,9,2
3055,9,4,7
3057,6,0,1
3058,1,8,7
3060,7,2,2
3061,7,2,0
3062,9,2,0
3064,1,2,3
3065,3,5,2
3066,1,2,4
3067,3,1,9
3070,0,2,3
3071,7,8,6
3072,8,5,3
3073,3,7,0
3074,1,9,6
3076,2,1,3
3077,1,2,4
3078,8,7,9
3080,1,8,8
3081,9,3,0
3082,7,3,2
3086,9,3,4
3087,0,4,2
3088,6,8,1
3089,8,7,4
3090,4,6,9
3093,7,3,9
3096,7,4,2
3099,9,2,0
3100,0,9,2
3101,7,6,6
3102,0,3,3
3103,6,4,9
3104,7,8,6
3105,1,5,0
3106,8,0,4
3108,8,9,3
3109,8,4,4
3111,0,2,2
3113,3,0,1
3116,7,8,2
3117,0,2,2
3118,6,0,8
3121,9,8,0
3122,1,4,2
3123,8,0,9
3125,3,9,2
3126,9,8,0
3127,4,9,9
3128,9,2,0
3130,3,1,1
3131,7,6,6
3133,9,8,7
3134,7,0,2
3137,5,0,8
3138,8,1,9
3139,2,0,3
3140,8,2,3
3141,9,3,0
3142,5,1,9
3143,3,0,9
3144,1,6,4
3145,9,4,4
3146,2,0,5
3148,0,7,3
3149,1,9,7
3150,1,2,8
3151,8,4,1
3152,1,2,3
3153,1,8,4
3155,8,0,3
3156,9,2,2
3159,2,0,9
3160,6,0,9
3161,9,2,0
3162,1,2,3
3163,9,4,0
3165,1,6,3
3167,2,6,9
3169,9,2,4
3170,9,3,0
3172,9,1,0
3173,9,2,7
3175,1,8,3
3176,7,6,6
3177,0,4,3
3179,6,1,0
3181,9,8,4
3182,8,2,4
3183,3,9,1
3184,0,9,3
3186,7,8,3
3187,7,6,6
3188,4,6,9
3189,8,2,2
3190,3,9,9
3191,0,6,3
3193,2,0,3
3194,3,9,9
3196,7,6,6
3198,6,8,8
3199,6,0,8
3200,5,6,2
3201,6,5,0
3203,4,0,9
3205,8,3,4
3206,8,9,4
3207,0,5,7
3208,9,3,2
3210,9,1,0
3212,6,5,8
3213,9,2,8
3214,6,1,4
3215,1,3,2
3217,7,2,6
3219,0,6,4
3220,3,4,0
3223,7,6,9
3224,6,0,7
3225,9,2,2
3228,3,9,9
3230,3,0,9
3231,3,1,9
3233,8,3,3
3234,3,6,2
3237,9,1,6
3238,6,2,1
3239,1,2,4
3241,7,9,6
3242,4,7,9
3243,8,7,3
3244,7,6,6
3245,7,8,6
3247,3,5,1
3248,0,9,3
3250,2,0,8
3251,5,7,6
3252,4,6,9
3255,5,6,1
3256,4,8,9
3257,7,2,6
3259,3,0,8
3260,7,2,6
3261,0,2,2
3263,1,7,3
3265,8,0,4
3266,7,6,6
3267,3,1,8
3269,7,4,5
3270,8,7,3
3271,5,1,0
3272,7,6,6
3273,8,2,9
3274,1,8,3
3277,7,9,6
3278,0,9,2
3279,8,2,4
3280,3,9,9
3281,2,4,3
3282,9,3,0
3283,7,6,5
3284,4,7,2
3286,6,0,1
3288,9,2,7
3290,5,6,2
3291,5,3,9
3292,4,8,3
3293,1,3,0
3294,0,9,7
3296,4,0,9
3298,3,4,8
3302,0,2,2
3304,2,4,8
3305,9,2,0
3308,7,3,9
3309,4,5,2
3310,6,2,3
3313,2,1,3
3314,9,2,2
3315,3,5,0
3316,7,8,6
3317,7,8,6
3318,8,4,0
3319,2,8,3
3322,2,3,4
3323,5,3,2
3325,6,3,7
3326,4,5,3
3328,2,6,8
3329,3,9,8
3330,7,9,5
3331,8,2,3
3332,7,3,2
3333,2,4,3
3334,5,6,6
3337,7,2,5
3338,0,9,7
3339,9,3,8
3340,6,8,5
3341,1,3,4
3344,9,6,2
3345,7,8,6
3347,9,0,4
3350,8,7,2
3351,1,2,2
3352,2,8,4
3353,3,9,0
3358,9,3,1
3359,7,8,2
3361,4,6,1
3362,1,5,4
3363,2,4,3
3364,4,1,9
3365,9,1,0
3367,7,2,5
3368,9,2,2
3369,5,3,0
3370,1,5,8
3372,1,3,4
3374,6,8,7
3375,4,0,9
3376,5,1,9
3377,7,8,2
3378,4,5,6
3380,8,7,9
3381,5,8,0
3382,2,4,8
3383,8,1,4
3385,8,4,4
3386,2,9,8
3387,3,0,1
3389,1,8,4
3391,3,4,2
3394,1,4,3
3395,9,3,2
3396,0,9,9
3397,9,3,0
3398,2,9,3
3399,0,9,2
3403,8,7,4
3404,5,0,9
3405,7,1,6
3406,6,4,5
3408,2,6,5
3409,9,2,0
3410,4,9,5
3412,0,5,7
3415,7,3,5
3418,1,8,2
3419,4,8,8
3421,0,9,2
3423,8,4,2
3424,5,6,9
3425,0,2,3
3426,0,9,2
3427,6,4,7
3428,2,8,8
3430,8,1,4
3431,4,6,9
3432,5,9,6
3435,6,0,5
3437,7,6,6
3438,9,4,7
3441,0,8,2
3442,6,2,1
3451,5,6,6
3452,5,0,6
3453,2,6,3
3454,2,1,3
3455,6,9,0
3456,3,1,1
3457,4,1,9
3458,5,1,0
3460,1,4,7
3462,2,1,4
3463,3,7,1
3464,9,2,4
3466,5,9,9
3467,0,2,2
3468,2,0,9
3469,9,3,0
3472,7,6,2
3473,2,4,4
3474,2,1,8
3476,8,1,3
3477,6,4,5
3478,4,7,9
3479,3,0,0
3480,2,0,9
3481,7,9,6
3482,7,2,6
3483,0,9,8
3484,4,6,8
3485,1,3,3
3486,6,5,8
3487,5,3,6
3488,1,2,4
3489,3,0,0
3491,3,4,6
3493,0,4,3
3495,2,6,8
3499,0,2,2
3504,9,8,0
3505,4,8,2
3506,2,8,3
3507,4,6,5
3508,3,1,9
3509,3,4,7
3510,4,8,5
3511,0,8,3
3513,3,2,2
3515,8,2,3
3516,9,2,0
3517,1,8,7
3518,5,1,0
3519,8,4,9
3520,1,9,7
3522,2,0,9
3525,2,9,3
3526,4,6,9
3528,1,8,4
3529,6,0,9
3530,6,0,8
3533,2,6,4
3536,0,9,3
3538,2,1,3
3539,3,0,1
3540,6,0,1
3541,2,1,4
3542,9,2,0
3543,6,0,8
3544,1,3,3
3545,4,6,9
3546,5,0,1
3547,9,2,0
3548,0,2,4
3549,1,8,4
3551,0,9,5
3552,8,1,3
3553,1,3,0
3555,6,4,8
3556,6,0,8
3558,5,0,0
3559,4,6,3
3562,8,2,3
3563,6,0,1
3565,1,3,0
3566,7,3,6
3567,6,8,1
3568,0,2,3
3571,5,0,9
3572,3,0,9
3573,2,4,3
3575,3,8,8
3579,1,2,4
3580,4,2,3
3581,4,0,7
3582,6,8,1
3583,1,3,0
3584,3,9,1
3585,8,7,3
3586,8,2,4
3587,0,1,7
3588,6,0,8
3589,7,9,6
3590,7,9,2
3591,6,2,1
3592,7,1,2
3593,2,1,7
3594,3,1,9
3595,2,5,3
3598,2,9,3
3599,7,8,6
3602,3,1,1
3603,6,4,1
3604,2,1,3
3606,3,0,9
3609,9,3,0
3610,5,3,0
3611,1,2,8
3612,1,4,3
3613,5,9,4
3616,4,2,3
3617,3,0,9
3620,0,9,9
3623,5,1,4
3625,8,4,9
3626,9,8,0
3630,8,1,3
3632,1,2,3
3633,3,1,9
3635,4,6,1
3636,4,0,3
3638,9,8,0
3639,7,8,8
3641,8,2,3
3642,1,2,4
3643,8,1,3
3644,9,1,0
3646,3,0,9
3648,7,1,6
3649,3,1,5
3650,0,4,3
3652,2,1,4
3653,8,3,4
3655,9,2,2
3656,2,4,4
3657,7,6,6
3659,6,0,3
3660,0,8,2
3661,1,8,3
3663,1,2,4
3665,7,4,6
3666,5,6,0
3667,5,0,6
3668,2,6,8
3670,9,8,2
3671,4,6,5
3672,0,2,2
3674,3,1,9
3675,4,2,5
3677,4,0,5
3678,1,2,4
3679,0,4,2
3680,0,3,3
3681,2,6,9
3682,3,1,1
3684,9,2,2
3685,2,1,3
3686,8,9,3
3687,9,4,2
3689,7,6,2
3690,9,3,0
3691,1,5,7
3692,4,5,9
3694,2,0,1
3695,8,3,5
3697,4,1,9
3698,8,0,2
3699,9,3,0
3700,3,4,5
3701,1,8,4
3702,1,9,4
3703,6,0,7
3705,8,1,9
3706,4,6,5
3709,5,3,6
3710,2,9,8
3712,4,0,9
3713,2,4,9
3715,1,5,3
3717,6,0,8
3718,8,0,4
3719,5,6,6
3720,2,9,3
3722,7,8,2
3723,1,2,4
3724,6,4,7
3727,9,2,0
3728,2,0,9
3729,8,4,9
3730,1,8,3
3731,6,2,0
3732,9,2,3
3734,7,8,9
3737,2,9,9
3738,9,2,3
3739,7,2,4
3740,0,2,2
3741,2,8,9
3744,4,6,9
3747,9,2,0
3748,5,0,0
3749,8,7,3
3750,9,3,4
3751,7,6,6
3752,3,6,9
3754,0,2,9
3755,9,1,0
3756,7,2,6
3758,2,1,9
3759,4,2,3
3760,7,5,6
3762,1,0,2
3763,8,4,4
3764,1,5,7
3765,0,2,3
3767,6,0,1
3768,1,0,3
3769,9,2,0
3770,9,2,0
3772,1,3,3
3774,5,9,6
3775,6,4,7
3776,9,2,2
3777,7,8,6
3778,7,6,6
3779,3,7,2
3781,2,0,9
3782,0,9,9
3783,2,1,5
3784,5,7,6
3786,7,8,6
3788,7,6,6
3790,4,6,9
3791,2,3,9
3792,0,3,3
3793,6,0,9
3794,1,5,4
3795,7,5,6
3796,5,3,1
3797,6,9,1
3798,5,4,6
3800,9,2,0
3801,2,9,9
3802,7,9,2
3803,8,2,3
3805,9,2,0
3809,4,8,9
3810,3,5,0
3811,7,0,9
3812,9,2,1
3813,8,1,9
3814,1,8,3
3817,8,7,3
3819,3,6,9
3820,0,9,3
3821,8,0,9
3823,0,2,2
3824,2,4,3
3825,0,9,2
3826,1,8,6
3830,5,9,9
3831,5,1,6
3832,7,4,2
3833,9,2,0
3834,8,1,9
3835,3,1,6
3836,7,8,6
3837,9,8,2
3838,1,8,9
3839,5,0,1
3840,6,0,8
3841,9,2,2
3842,8,0,3
3843,7,8,2
3844,2,0,4
3845,0,4,3
3846,9,2,0
3847,0,2,5
3850,9,2,3
3851,4,6,9
3852,2,9,3
3853,9,6,0
3854,8,2,4
3858,8,2,3
3859,3,0,2
3860,7,8,6
3861,6,1,1
3863,2,3,8
3865,7,9,6
3866,0,2,2
3870,8,7,3
3871,8,1,1
3872,7,0,3
3873,9,3,0
3874,6,1,1
3876,7,5,6
3877,4,5,9
3878,5,9,9
3879,7,8,3
3880,6,8,8
3881,7,4,2
3882,1,2,7
3883,7,9,5
3884,3,0,2
3885,6,0,1
3888,6,0,3
3889,6,0,8
3890,7,5,6
3891,1,8,7
3892,5,0,9
3893,9,4,7
3894,7,9,6
3895,1,4,8
3896,7,6,6
3897,0,9,2
3899,6,1,9
3903,0,1,2
3904,1,6,4
3908,2,1,3
3911,9,2,2
3912,8,9,3
3913,7,9,2
3914,4,0,9
3915,4,6,1
3916,9,1,0
3917,7,2,2
3918,6,0,1
3919,7,4,6
3920,7,4,9
3921,1,4,4
3925,1,2,3
3926,9,2,0
3928,3,1,5
3929,3,5,9
3931,5,0,6
3932,6,1,3
3934,2,8,8
3935,4,8,6
3936,6,4,8
3937,8,3,3
3941,6,5,7
3942,1,6,2
3943,0,9,5
3945,5,4,9
3946,8,7,3
3948,1,7,3
3949,5,9,9
3950,8,2,3
3951,1,3,4
3952,4,5,9
3953,7,2,0
3954,5,6,9
3955,0,5,2
3956,3,0,5
3958,9,2,0
3959,5,1,0
3960,2,1,9
3961,8,2,3
3964,9,2,7
3965,0,2,3
3967,4,6,5
3968,8,3,1
3970,9,2,2
3971,0,4,3
3972,7,8,6
3973,9,6,0
3974,8,1,3
3975,7,8,2
3976,1,2,2
3978,2,5,6
3979,9,4,0
3982,9,2,2
3983,7,4,2
3984,6,0,1
3985,7,8,2
3986,7,5,4
3987,1,2,7
3988,1,4,7
3989,2,1,9
3990,4,6,9
3991,2,5,3
3992,0,2,2
3993,6,1,8
3994,8,7,9
3996,6,1,3
3997,2,6,6
3999,9,2,0
4001,2,6,5
4004,0,4,3
4005,5,0,9
4006,8,9,4
4007,6,0,7
4008,8,1,9
4009,2,9,6
4010,7,0,6
4011,7,5,6
4013,1,8,3
4014,8,0,4
4015,1,6,0
4016,6,0,0
4017,5,6,9
4018,9,2,4
4020,8,9,6
4021,9,6,0
4024,8,9,3
4025,1,3,3
4026,9,2,3
4027,4,6,9
4028,0,7,2
4030,1,2,4
4031,4,8,3
4032,3,6,9
4033,6,0,9
4034,2,9,3
4035,2,3,3
4039,7,9,9
4040,0,3,3
4041,7,8,5
4043,3,4,6
4045,7,8,2
4046,7,3,6
4047,4,2,9
4048,5,0,0
4049,4,5,2
4050,3,4,9
4052,5,2,4
4053,4,1,6
4056,0,2,2
4057,7,2,6
4059,1,2,0
4060,6,4,3
4061,5,0,0
4062,0,8,2
4063,7,1,5
4064,7,0,6
4065,4,5,1
4067,1,2,4
4069,5,4,9
4070,9,3,0
4071,3,9,0
4072,5,0,6
4073,6,1,9
4074,2,0,5
4075,2,0,3
4076,7,6,2
4079,8,2,4
4080,1,2,3
4081,0,2,3
4082,6,0,8
4083,8,1,1
4084,7,9,8
4086,8,7,1
4087,5,0,0
4088,7,6,2
4090,4,0,9
4091,9,2,0
4092,7,6,9
4093,3,0,0
4095,8,0,9
4096,8,2,3
4098,9,4,2
4100,7,8,6
4102,0,2,2
4103,8,0,3
4104,0,9,9
4105,7,2,6
4107,3,6,4
4108,2,1,8
4109,5,1,8
4110,2,8,5
4111,4,6,9
4113,0,4,2
4114,4,0,9
4115,8,1,3
4116,2,1,8
4117,4,0,3
4120,4,9,9
4121,5,8,6
4122,6,0,7
4123,0,9,2
4124,8,9,0
4128,1,5,3
4129,1,4,4
4130,6,1,5
4131,1,8,2
4132,4,6,9
4133,2,1,6
4138,4,5,2
4141,8,3,3
4142,8,3,1
4143,5,9,6
4145,8,7,4
4146,2,6,3
4147,3,1,8
4148,3,1,9
4149,9,3,0
4150,6,4,7
4151,6,4,8
4153,0,5,4
4154,7,8,6
4155,3,0,0
4156,3,1,9
4157,2,3,9
4158,7,0,6
4159,4,6,1
4160,5,9,6
4161,6,0,8
4164,1,6,9
4165,8,7,2
4166,1,4,7
4167,0,2,2
4168,9,2,0
4170,1,2,8
4172,5,4,1
4173,4,0,5
4174,2,1,8
4175,3,6,4
4176,3,9,0
4178,7,4,6
4179,6,1,8
4180,0,1,9
4181,0,3,3
4182,5,6,2
4183,7,9,6
4185,7,8,2
4186,7,8,9
4187,0,4,8
4188,6,4,8
4191,9,2,4
4192,0,9,2
4193,9,7,0
4194,0,9,4
4195,3,0,0
4196,8,2,3
4197,4,8,9
4199,8,2,9
4201,1,2,6
4202,0,5,3
4205,4,0,1
4208,2,0,3
4212,1,4,4
4213,4,0,5
4214,7,6,5
4215,1,2,4
4216,0,9,9
4217,0,5,5
4218,9,2,0
4219,0,9,9
4220,4,1,2
4222,8,0,3
4223,8,3,2
4224,5,9,2
4225,5,0,1
4226,0,9,4
4228,0,2,3
4229,8,2,1
4232,5,1,6
4233,9,8,3
4234,2,1,3
4240,7,2,6
4241,5,6,9
4242,8,2,3
4243,6,0,7
4245,1,4,4
4246,5,0,0
4247,5,6,8
4248,3,1,0
4249,4,6,9
4252,9,2,0
4253,9,5,0
4254,8,3,3
4255,9,2,0
4256,8,2,3
4257,6,8,1
4258,8,0,3
4260,8,7,4
4261,9,2,0
4262,4,5,3
4264,2,8,9
4265,6,4,7
4266,3,9,2
4267,7,8,2
4268,4,6,6
4272,7,2,6
4274,1,4,4
4277,3,6,4
4278,1,8,3
4279,6,5,0
4283,6,4,8
4284,9,2,2
4285,1,4,2
4286,2,9,3
4292,1,2,4
4293,9,8,0
4295,0,9,3
4296,8,3,1
4297,9,2,4
4298,9,2,0
4300,8,2,4
4303,5,0,6
4305,0,6,2
4306,3,1,9
4308,0,9,2
4311,7,0,2
4312,5,8,9
4314,1,2,3
4316,8,2,4
4317,8,7,3
4321,5,1,9
4322,4,8,5
4323,5,1,6
4324,9,2,0
4326,7,8,6
4327,1,3,8
4330,9,2,0
4332,7,0,9
4333,7,2,6
4334,3,4,4
4335,9,2,0
4336,9,3,0
4337,1,4,3
4338,9,3,0
4339,7,2,6
4342,3,0,2
4343,5,7,7
4345,6,0,8
4346,3,1,0
4347,8,7,2
4348,8,2,1
4349,0,7,2
4350,4,8,5
4351,8,0,3
4352,3,1,9
4354,7,9,0
4356,0,4,2
4358,5,8,6
4359,2,0,3
4360,6,2,0
4361,8,7,4
4362,4,6,9
4363,9,2,2
4365,9,2,0
4366,2,1,3
4367,0,9,2
4369,2,6,8
4371,1,3,3
4372,1,5,3
4374,0,1,3
4375,3,9,5
4377,4,5,3
4379,1,3,4
4382,7,8,6
4383,4,8,6
4385,8,3,3
4386,6,1,8
4387,0,9,3
4388,2,8,9
4389,8,4,3
4390,5,3,6
4392,5,6,0
4393,3,5,6
4394,5,9,0
4395,7,8,6
4396,9,2,3
4397,8,1,4
4399,4,5,1
4400,3,0,5
4401,1,6,3
4402,4,5,9
4403,8,0,0
4405,6,1,8
4406,5,3,9
4407,3,1,8
4408,0,3,4
4409,8,9,7
4410,9,3,0
4411,5,6,6
4412,7,8,2
4413,6,3,7
4414,2,0,0
4415,0,2,4
4417,9,8,2
4418,9,2,0
4419,0,9,2
4420,5,4,7
4422,3,1,9
4424,1,2,4
4425,1,2,4
4426,0,9,3
4427,2,6,9
4428,8,7,3
4429,2,6,9
4430,1,4,4
4433,5,6,6
4434,2,8,3
4437,1,9,8
4438,2,6,3
4440,2,1,3
4441,1,5,7
4443,4,8,9
4444,8,3,2
4446,0,2,3
4449,9,3,2
4450,0,9,9
4452,2,6,6
4453,0,9,2
4454,6,0,1
4455,8,0,9
4456,7,6,6
4457,3,0,5
4458,3,1,9
4459,8,3,3
4460,9,1,2
4461,0,9,3
4464,3,1,2
4465,6,4,3
4466,1,3,4
4467,3,1,0
4470,0,2,2
4471,5,9,6
4473,4,0,9
4474,0,2,3
4478,1,3,4
4480,9,2,0
4482,6,1,9
4484,4,6,9
4486,8,3,6
4487,3,0,0
4488,4,6,5
4489,7,8,6
4490,0,9,3
4491,2,6,3
4492,8,7,3
4493,4,0,5
4494,8,2,4
4497,8,0,0
4498,8,3,4
4502,7,5,9
4503,7,2,2
4505,4,6,9
4506,1,2,4
4507,5,1,6
4508,9,3,7
4509,7,6,6
4510,0,1,9
4511,6,4,8
4512,8,0,2
4514,9,2,7
4515,0,9,1
4516,1,8,4
4517,8,2,3
4518,9,2,2
4519,6,0,4
4522,2,6,3
4523,4,8,3
4525,0,9,9
4526,3,1,5
4528,5,6,6
4529,4,0,3
4531,1,2,4
4532,1,2,8
4533,8,2,4
4534,2,5,9
4535,2,1,3
4537,3,4,1
4538,7,0,1
4539,8,9,3
4541,2,1,9
4543,1,6,2
4544,7,6,6
4546,2,3,8
4553,3,1,2
4554,4,8,1
4556,2,4,3
4558,0,9,2
4559,3,4,1
4560,1,2,4
4561,3,1,2
4563,7,9,0
4566,8,9,9
4567,4,2,3
4568,8,2,3
4569,9,2,0
4571,4,6,1
4572,2,9,9
4575,6,0,3
4578,4,0,8
4579,6,8,7
4580,6,5,8
4582,8,2,4
4583,7,3,3
4585,8,9,3
4587,5,9,0
4588,9,6,2
4589,3,9,9
4591,0,9,2
4592,7,8,6
4593,5,4,9
4594,1,2,4
4597,9,2,7
4599,8,2,4
4601,2,1,1
4602,1,2,4
4603,6,4,5
4604,4,0,9
4607,1,2,2
4609,8,2,4
4611,1,2,3
4612,7,8,6
4613,1,4,3
4616,4,0,9
4617,3,1,9
4618,3,1,9
4619,9,7,0
4620,7,6,6
4621,8,2,3
4622,2,6,9
4623,5,4,6
4625,4,1,5
4626,5,1,9
4627,4,5,5
4628,5,1,6
4629,7,6,6
4631,5,0,6
4633,1,4,3
4635,7,9,2
4636,8,0,4
4637,3,9,9
4638,6,4,7
4639,0,5,2
4640,2,1,3
4641,5,6,6
4642,2,6,5
4643,3,9,9
4645,4,0,2
4647,1,2,3
4649,8,0,3
4650,6,8,8
4651,8,7,3
4652,3,0,9
4653,2,1,3
4654,7,6,6
4656,9,2,2
4657,7,1,6
4659,4,6,3
4662,6,0,5
4663,1,2,4
4664,7,5,6
4665,3,1,0
4666,0,2,3
4667,0,2,3
4668,6,8,1
4670,8,4,3
4671,6,0,1
4672,6,0,1
4673,0,9,2
4674,3,1,8
4675,4,5,1
4676,7,2,9
4677,4,8,1
4679,4,0,2
4680,9,2,0
4682,3,1,1
4683,4,9,9
4684,1,2,9
4686,0,2,4
4688,7,8,6
4690,2,1,3
4693,4,6,5
4694,7,9,9
4695,8,2,9
4698,6,1,8
4700,6,8,5
4701,0,2,3
4702,6,0,3
4703,4,5,5
4704,9,2,0
4706,2,1,3
4707,7,6,9
4708,3,4,5
4710,3,1,1
4711,9,2,2
4712,4,8,5
4713,1,2,3
4714,6,5,1
4715,9,2,0
4716,9,7,0
4719,9,4,0
4721,1,4,7
4723,9,2,0
4725,9,2,0
4726,0,2,3
4727,9,2,4
4728,7,9,6
4731,4,9,2
4733,6,8,5
4734,4,0,5
4736,1,3,4
4737,9,2,0
4741,1,2,4
4742,8,1,0
4743,6,0,8
4745,7,2,6
4746,6,4,4
4747,5,0,4
4749,2,6,8
4751,6,5,1
4753,2,1,4
4755,1,2,4
4759,0,8,5
4763,0,9,2
4766,1,2,2
4767,6,9,8
4768,9,3,0
4769,8,3,0
4770,9,6,3
4771,0,4,2
4772,6,0,1
4773,1,5,4
4774,6,4,8
4775,2,0,9
4776,3,1,8
4777,5,9,0
4778,6,0,8
4781,7,8,9
4782,2,1,3
4785,3,0,4
4787,8,1,4
4788,6,4,5
4789,9,2,0
4790,1,2,4
4791,9,4,2
4792,0,2,5
4797,5,9,2
4798,4,0,3
4799,1,2,2
4800,9,2,0
4801,2,8,3
4802,0,9,3
4803,7,1,6
4804,3,1,5
4805,5,9,9
4806,1,8,7
4807,8,4,4
4808,3,6,7
4809,0,4,4
4810,5,9,9
4812,8,2,4
4813,8,0,3
4814,3,4,9
4816,6,1,5
4817,0,3,4
4820,3,6,9
4822,1,5,4
4824,0,4,2
4825,7,6,9
4826,3,6,9
4827,9,2,7
4828,4,0,8
4831,1,8,3
4834,4,1,2
4835,9,2,0
4836,9,3,7
4837,7,3,6
4838,1,4,4
4839,7,2,6
4840,0,9,9
4841,1,2,7
4843,1,3,7
4844,5,4,9
4845,3,1,2
4846,8,3,6
4848,1,7,4
4849,5,6,9
4850,1,2,3
4851,9,2,0
4852,9,2,2
4853,7,8,6
4854,0,9,2
4855,1,2,4
4856,7,8,6
4857,6,0,8
4859,6,8,5
4860,5,1,6
4862,3,9,2
4863,1,2,2
4866,9,2,0
4867,9,1,6
4868,0,2,3
4869,8,0,3
4870,8,3,2
4872,9,1,0
4874,9,7,2
4875,1,8,7
4876,3,8,2
4877,6,8,8
4879,6,8,8
4881,8,1,3
4882,6,1,8
4883,2,1,6
4884,4,0,9
4885,2,8,4
4886,3,6,9
4888,5,9,9
4891,6,8,3
4895,1,8,3
4896,7,9,6
4897,1,2,7
4898,6,8,8
4899,2,4,3
4900,3,1,8
4902,4,6,9
4903,2,8,8
4904,9,2,0
4905,7,8,6
4908,6,3,3
4909,0,9,2
4911,8,7,4
4912,1,2,3
4913,1,2,4
4914,3,5,9
4915,5,6,6
4916,6,1,9
4918,3,1,8
4919,8,2,3
4920,7,1,2
4922,0,3,9
4923,7,8,6
4924,7,8,5
4925,5,1,6
4927,1,7,3
4928,9,4,0
4929,9,2,7
4930,1,5,7
4932,9,2,4
4933,3,1,9
4934,5,9,7
4935,5,9,2
4937,0,1,3
4940,6,1,7
4941,6,0,1
4943,6,0,1
4945,9,2,0
4949,1,5,7
4950,2,5,6
4951,7,6,6
4952,9,8,3
4953,0,4,2
4956,5,9,9
4957,4,6,3
4958,4,6,3
4959,7,6,0
4960,4,1,9
4961,8,2,4
4962,3,5,5
4963,3,5,0
4966,5,0,6
4967,7,2,2
4968,0,9,2
4969,1,4,6
4970,2,8,4
4971,9,3,0
4972,8,0,7
4974,7,0,6
4975,3,1,9
4976,5,9,9
4977,9,2,0
4978,1,8,3
4979,9,8,0
4980,1,2,0
4983,6,1,3
4987,3,1,8
4989,6,0,3
4991,0,2,3
4992,1,9,7
4993,7,1,9
4994,7,3,6
4996,3,6,8
4997,3,0,9
4998,5,6,6
4999,1,4,7
5000,7,3,6
5001,6,1,1
5002,8,7,3
5003,4,8,9
5004,4,1,5
5005,5,2,6
5007,3,0,9
5008,4,6,9
5009,7,3,9
5010,7,2,6
5012,6,0,1
5014,7,1,6
5015,2,0,9
5017,7,4,9
5018,4,9,2
5019,1,8,3
5020,8,1,4
5021,0,2,3
5022,2,6,8
5024,1,2,3
5025,5,1,3
5026,4,2,9
5027,0,9,7
5028,9,3,4
5031,4,0,3
5032,2,1,0
5033,3,6,1
5035,5,9,2
5036,0,5,4
5038,4,0,9
5039,6,0,7
5040,3,5,1
5041,9,4,7
5042,2,6,9
5043,0,9,2
5044,5,6,9
5045,7,2,0
5046,5,9,9
5047,5,9,2
5048,1,8,7
5049,7,2,2
5054,9,2,0
5055,0,9,2
5059,4,0,3
5062,5,6,9
5063,9,7,2
5064,5,9,9
5065,0,4,4
5066,4,8,9
5067,9,1,4
5073,8,1,1
5074,0,8,2
5076,5,1,1
5078,8,0,3
5079,1,3,4
5080,7,5,6
5081,5,3,6
5082,6,7,7
5083,9,2,0
5084,3,9,9
5085,2,0,3
5087,9,2,0
5089,6,8,9
5090,1,2,8
5091,0,9,9
5092,9,8,7
5093,0,1,7
5094,9,6,0
5095,8,7,3
5099,2,4,9
5100,3,1,9
5101,5,9,0
5103,7,8,9
5104,8,3,9
5105,7,8,0
5107,9,2,2
5110,8,4,4
5113,6,4,9
5114,7,4,2
5115,5,0,6
5117,7,8,6
5120,9,1,0
5121,6,0,1
5122,6,1,8
5123,7,6,2
5124,0,4,2
5125,1,8,6
5126,0,1,9
5127,1,8,7
5128,3,2,9
5130,5,9,3
5131,6,4,9
5132,1,6,4
5133,2,6,3
5135,1,4,4
5136,9,2,0
5137,9,2,2
5138,8,2,4
5139,6,1,9
5140,8,0,4
5141,6,8,0
5143,9,2,0
5144,0,9,5
5145,4,6,9
5147,3,4,2
5148,3,9,1
5149,6,4,3
5150,4,6,9
5152,9,7,1
5153,7,6,0
5154,2,9,4
5158,4,8,9
5159,6,0,1
5160,0,2,2
5161,3,6,1
5163,5,7,1
5164,0,9,3
5165,2,1,9
5167,2,6,9
5168,7,9,6
5169,2,1,9
5170,9,3,7
5171,2,6,3
5173,0,2,2
5174,6,0,1
5175,6,4,7
5176,3,6,9
5179,5,9,1
5181,1,3,4
5182,1,4,4
5184,4,6,1
5186,5,0,0
5187,4,6,9
5188,8,3,4
5189,0,9,3
5190,0,2,4
5192,9,2,7
5194,7,4,8
5195,4,8,8
5196,2,1,3
5198,3,5,5
5199,6,8,8
5200,3,4,9
5201,1,2,7
5202,9,2,3
5203,6,1,1
5204,3,8,9
5205,8,2,2
5206,3,7,9
5208,4,6,3
5209,7,5,6
5211,7,6,2
5216,6,1,7
5217,1,2,4
5220,0,9,2
5221,7,4,6
5222,5,6,7
5223,0,3,3
5224,0,9,2
5225,0,7,2
5226,1,2,4
5228,3,0,2
5229,5,0,8
5230,8,5,9
5231,4,5,5
5234,7,0,2
5236,0,3,3
5240,1,4,2
5242,0,4,3
5243,1,2,7
5244,2,6,3
5245,1,9,4
5246,7,0,0
5247,7,1,0
5248,9,6,0
5249,8,1,0
5250,7,9,6
5251,5,9,9
5252,4,6,2
5253,0,9,2
5255,0,1,8
5256,0,7,3
5257,8,0,4
5259,0,2,3
5260,0,9,2
5263,8,0,3
5264,6,0,5
5265,2,9,9
5266,4,0,2
5267,6,4,3
5268,3,4,5
5270,1,3,7
5273,7,0,6
5275,2,8,5
5276,9,1,0
5278,0,2,4
5279,0,2,2
5282,4,0,9
5284,6,0,8
5285,1,2,4
5286,6,1,8
5288,4,6,9
5291,9,2,4
5293,0,4,9
5294,8,2,0
5295,0,2,3
5296,4,8,9
5299,7,5,6
5300,9,2,0
5301,7,5,9
5302,0,4,3
5303,5,6,0
5305,7,6,9
5306,3,6,0
5307,1,4,4
5309,3,0,9
5312,5,4,6
5313,3,8,4
5315,9,5,2
5316,4,0,9
5317,4,0,9
5321,1,2,7
5323,1,7,4
5325,8,9,3
5326,7,9,8
5328,0,4,7
5331,2,9,3
5332,9,2,2
5333,7,0,6
5336,3,1,5
5337,5,9,1
5339,0,3,2
5341,6,0,1
5343,3,1,9
5344,2,8,5
5348,1,3,8
5351,7,6,5
5353,1,2,4
5355,8,2,5
5356,7,2,6
5357,0,9,4
5359,6,1,2
5360,9,3,0
5362,2,6,5
5363,7,8,2
5366,1,0,9
5368,3,4,9
5370,6,3,9
5371,7,1,6
5373,2,6,6
5374,0,3,3
5375,1,5,7
5380,1,2,2
5381,3,1,9
5382,0,1,1
5383,8,1,0
5384,6,8,8
5386,1,2,3
5390,1,3,0
5391,9,3,2
5392,0,2,3
5394,1,3,4
5395,0,2,3
5396,1,9,2
5397,9,2,0
5399,6,1,8
5400,9,3,0
5402,4,6,9
5403,7,6,6
5404,2,5,3
5406,7,6,2
5408,9,2,3
5409,1,2,3
5411,2,6,3
5412,6,8,1
5414,4,6,9
5415,4,1,9
5417,4,8,9
5419,2,1,4
5420,6,5,1
5421,6,0,8
5423,6,5,8
5425,6,1,0
5427,8,3,4
5429,6,8,1
5430,7,1,6
5431,1,2,3
5432,9,3,0
5434,6,0,8
5436,6,0,1
5437,0,4,3
5439,1,2,7
5440,9,2,7
5443,6,5,8
5444,7,3,2
5445,7,5,9
5446,6,1,0
5447,5,9,6
5448,9,2,0
5449,1,2,3
5450,5,6,0
5451,6,0,1
5452,0,2,2
5453,2,1,9
5454,0,4,3
5455,9,7,4
5456,1,2,7
5457,8,2,3
5461,0,4,7
5462,0,1,4
5465,7,8,6
5466,8,3,5
5470,1,2,4
5472,1,2,4
5473,5,0,6
5475,0,5,2
5476,6,4,7
5477,2,1,4
5478,3,1,5
5482,5,6,0
5484,9,2,2
5485,8,0,3
5488,9,2,0
5489,7,3,0
5491,0,2,2
5492,2,8,4
5494,9,2,0
5495,4,5,1
5496,4,5,5
5500,8,1,4
5501,6,0,7
5502,6,8,8
5504,5,0,2
5505,4,0,9
5507,6,0,7
5508,7,9,6
5509,7,2,5
5510,4,0,9
5512,9,2,3
5513,6,1,0
5514,2,1,4
5515,4,0,3
5517,1,3,3
5519,6,1,8
5520,4,6,9
5521,9,8,0
5523,6,8,8
5524,0,1,2
5526,8,3,0
5527,7,2,6
5528,5,1,6
5530,3,1,9
5531,8,7,4
5535,3,9,7
5536,6,8,5
5538,7,0,2
5540,5,6,6
5541,7,8,6
5542,9,4,0
5543,0,9,2
5546,7,5,2
5550,5,6,2
5553,5,0,6
5556,6,5,0
5557,4,1,9
5560,3,7,9
5561,6,8,1
5563,1,4,7
5564,6,2,9
5565,3,1,1
5566,1,8,4
5567,6,8,8
5568,7,3,6
5569,0,4,3
5570,5,0,6
5571,0,6,3
5572,1,6,4
5574,7,0,9
5575,3,1,0
5577,2,4,5
5578,3,6,7
5579,9,5,2
5582,4,3,2
5583,0,2,2
5584,0,5,2
5585,0,4,8
5587,0,4,2
5588,3,9,6
5589,2,5,3
5591,5,3,9
5592,3,4,2
5593,7,6,2
5594,9,3,0
5595,6,2,5
5596,9,2,2
5598,1,8,4
5599,2,0,3
5600,6,1,5
5601,7,6,6
5602,4,0,9
5604,1,2,4
5605,3,1,9
5606,7,2,6
5608,9,2,2
5612,8,0,1
5613,5,2,7
5615,5,3,0
5616,6,1,5
5617,5,0,6
5618,0,2,3
5619,8,1,3
5622,1,5,7
5623,8,3,1
5625,5,9,6
5627,9,3,0
5629,6,1,5
5631,6,8,9
5633,4,5,5
5635,7,8,2
5636,4,8,9
5637,7,6,6
5638,4,6,5
5639,3,1,4
5643,5,9,0
5644,7,0,2
5647,5,4,6
5648,8,1,3
5649,0,3,7
5653,5,6,0
5654,4,6,2
5655,3,1,8
5657,2,8,5
5658,4,0,9
5660,9,2,2
5662,8,6,9
5663,8,1,3
5664,6,0,8
5666,6,2,8
5668,7,6,6
5670,4,6,8
5672,8,1,4
5673,5,9,9
5675,7,8,6
5676,6,0,5
5677,7,4,6
5678,1,4,3
5679,0,9,9
5682,5,1,9
5683,6,8,9
5684,7,5,6
5689,3,4,1
5690,7,6,6
5691,2,6,9
5692,5,9,0
5693,7,2,6
5694,5,3,6
5695,7,6,6
5696,7,3,6
5697,1,8,3
5698,7,1,0
5699,4,0,9
5700,3,9,2
5701,3,0,9
5702,4,5,3
5703,0,4,3
5704,4,6,8
5705,2,1,0
5706,7,2,6
5707,0,8,2
5710,6,0,1
5711,6,8,8
5712,2,1,9
5713,5,3,6
5714,2,4,9
5715,6,0,8
5716,0,9,3
5717,6,0,8
5719,2,1,4
5720,9,2,2
5721,0,9,3
5722,0,9,3
5723,1,8,4
5724,5,9,0
5726,1,8,4
5727,6,4,8
5728,7,6,6
5729,8,2,3
5731,6,9,8
5733,3,6,6
5734,6,5,0
5735,0,9,3
5736,9,3,0
5737,9,8,0
5738,2,0,9
5739,2,1,3
5740,6,5,3
5742,4,5,6
5744,2,0,3
5745,5,9,9
5746,7,6,6
5747,8,3,3
5748,8,2,5
5750,6,4,1
5751,4,1,8
5753,2,1,3
5754,3,1,1
5756,4,5,9
5757,4,9,9
5758,8,2,4
5760,2,4,3
5761,6,8,1
5762,0,9,3
5763,9,2,2
5764,7,6,6
5765,9,2,0
5766,8,7,3
5767,7,2,2
5768,7,4,6
5769,3,1,5
5770,8,0,4
5771,2,1,3
5772,9,2,0
5773,3,1,7
5774,5,6,2
5776,5,0,9
5777,8,7,3
5778,7,8,6
5779,3,9,4
5780,7,5,6
5781,0,4,4
5782,7,2,6
5784,6,4,1
5785,2,9,3
5786,4,6,5
5788,0,2,4
5789,2,1,6
5792,2,6,9
5793,8,2,3
5796,5,4,2
5798,0,2,7
5800,2,6,3
5801,9,2,4
5803,1,5,4
5804,0,4,2
5805,1,4,8
5806,0,3,4
5807,6,0,8
5808,5,3,0
5810,5,3,6
5811,7,1,6
5813,4,6,9
5814,8,0,9
5815,3,1,0
5816,5,9,9
5818,7,9,6
5819,2,9,3
5820,5,1,9
5821,8,3,3
5823,5,1,0
5824,7,5,9
5825,3,1,6
5826,7,5,9
5827,0,4,5
5828,5,0,6
5829,4,5,5
5831,6,1,4
5833,3,1,2
5834,5,1,9
5836,8,1,3
5840,2,0,9
5841,6,5,1
5842,7,6,6
5843,6,0,8
5844,0,9,1
5845,5,6,0
5846,5,1,0
5847,8,3,3
5848,4,1,9
5850,6,5,8
5851,1,2,9
5852,3,4,9
5857,0,1,2
5858,7,9,6
5859,2,1,6
5860,0,2,8
5861,1,2,2
5863,4,8,9
5865,6,5,8
5866,4,6,9
5867,5,3,2
5868,9,2,0
5869,7,1,2
5872,7,6,2
5874,3,1,8
5875,1,2,4
5876,6,4,8
5877,9,2,0
5880,0,1,3
5882,1,4,7
5883,6,4,7
5884,4,8,6
5887,1,2,4
5890,3,1,9
5891,0,9,3
5892,8,4,3
5893,9,3,7
5894,7,9,2
5895,6,0,8
5897,4,0,9
5899,1,4,3
5902,9,2,0
5905,1,2,4
5907,5,4,2
5911,6,2,7
5912,4,2,1
5913,7,6,6
5916,9,4,6
5918,1,2,3
5920,8,1,3
5921,7,8,6
5922,7,4,6
5926,4,9,5
5927,6,2,3
5928,7,0,6
5929,7,6,2
5931,4,5,9
5932,4,6,9
5933,4,8,9
5935,6,0,1
5936,6,1,1
5937,1,2,4
5938,9,8,7
5939,9,3,0
5941,9,2,0
5942,4,8,9
5943,3,9,9
5944,2,1,8
5945,9,8,7
5947,5,9,6
5948,0,9,2
5949,6,0,8
5950,9,1,3
5951,0,8,2
5952,9,2,2
5953,7,1,6
5954,8,9,3
5957,4,8,9
5958,9,2,0
5960,2,4,3
5961,6,5,9
5962,6,1,4
5963,9,2,2
5964,9,8,0
5965,7,6,6
5966,9,3,2
5967,9,2,2
5969,5,3,9
5970,1,8,4
5971,1,3,7
5972,8,2,1
5974,9,8,0
5975,9,2,0
5976,5,3,0
5977,6,1,8
5978,5,6,6
5979,5,0,9
5980,9,0,0
5981,7,8,6
5982,9,8,2
5983,4,7,8
5984,5,0,6
5985,4,9,9
5987,3,4,9
5988,9,4,2
5989,8,1,3
5990,8,7,3
5992,4,5,2
5993,8,0,9
5994,4,1,9
5995,0,4,7
5997,0,8,2
5998,7,8,6
6000,8,2,5
6002,2,0,4
6003,0,9,4
6004,7,4,6
6006,0,3,2
6007,6,0,8
6009,3,6,9
6013,6,8,8
6015,0,2,4
6017,9,2,7
6018,5,6,0
6019,6,4,8
6020,6,1,8
6021,3,9,2
6022,0,4,2
6024,2,1,9
6027,3,1,9
6028,8,3,7
6033,2,5,6
6034,9,6,0
6036,0,9,4
6037,5,9,1
6038,4,0,9
6039,8,2,1
6042,6,1,8
6045,8,0,3
6048,1,8,0
6049,8,0,3
6052,8,0,4
6054,3,6,9
6058,1,8,4
6059,9,2,2
6060,3,0,9
6061,0,2,7
6064,5,0,9
6065,5,1,6
6067,8,0,4
6069,0,3,3
6072,5,0,0
6073,2,4,8
6074,4,2,5
6076,7,5,6
6077,0,9,3
6078,2,9,5
6079,3,1,1
6081,0,6,4
6082,0,5,2
6084,1,3,4
6085,2,1,8
6086,1,6,0
6087,4,0,9
6088,6,0,1
6089,7,2,6
6090,1,2,4
6091,0,7,3
6093,2,0,9
6094,5,0,6
6096,2,0,3
6097,5,9,6
6098,6,5,8
6100,1,8,5
6101,9,5,3
6102,3,1,6
6103,6,1,8
6104,1,8,4
6105,0,9,8
6106,2,1,8
6107,9,7,0
6108,4,9,5
6109,2,6,9
6110,9,3,0
6112,8,3,1
6113,2,0,3
6114,9,2,0
6118,0,9,3
6119,1,2,4
6120,5,9,6
6123,6,5,7
6125,8,2,3
6126,3,9,9
6128,0,5,3
6131,3,1,9
6132,7,8,2
6133,0,4,5
6136,9,6,1
6137,2,9,1
6138,3,9,7
6139,9,8,4
6141,8,2,3
6143,9,2,0
6144,7,5,6
6146,0,4,9
6147,9,2,4
6148,4,6,9
6149,7,9,2
6150,1,2,7
6152,6,8,5
6155,8,2,3
6156,9,2,0
6157,0,2,5
6159,1,2,7
6160,2,8,3
6163,3,1,1
6167,9,0,0
6168,3,9,9
6172,1,8,8
6173,1,2,7
6175,3,5,9
6176,9,2,0
6177,2,6,0
6179,8,4,3
6180,0,2,8
6181,8,1,3
6182,1,8,4
6183,5,3,0
6184,1,3,7
6185,5,6,2
6186,9,2,0
6187,0,3,7
6188,9,2,7
6189,2,0,3
6190,4,0,5
6192,6,0,1
6195,1,3,3
6196,3,1,9
6198,9,2,2
6199,5,0,6
6203,3,1,4
6204,4,0,9
6205,1,2,4
6207,9,2,2
6208,8,2,4
6209,7,5,2
6211,8,7,3
6212,7,1,0
6213,3,0,1
6215,2,0,3
6216,5,2,2
6217,8,9,4
6218,9,1,0
6219,7,9,6
6220,2,6,6
6221,0,9,3
6222,0,9,3
6223,7,6,9
6224,5,1,6
6226,5,9,6
6229,6,1,1
6230,2,6,3
6231,8,2,7
6233,7,9,6
6238,8,1,0
6239,6,0,3
6240,2,1,5
6241,0,3,9
6243,4,1,9
6244,8,2,3
6246,4,0,5
6247,0,5,2
6248,2,0,3
6249,5,9,0
6250,4,0,9
6252,2,0,5
6254,4,6,5
6256,9,2,0
6258,0,9,9
6259,5,9,6
6260,2,0,4
6262,8,4,4
6263,2,0,3
6265,4,5,9
6266,7,0,6
6267,9,3,4
6268,5,6,9
6269,7,3,6
6273,1,2,4
6274,9,2,0
6275,9,2,7
6277,2,0,5
6280,8,1,1
6281,1,3,4
6282,6,0,1
6283,3,0,1
6284,0,4,2
6285,8,9,5
6287,5,0,0
6289,9,8,7
6290,9,8,3
6291,9,7,0
6293,3,8,9
6294,0,5,4
6296,8,2,3
6297,5,9,9
6298,3,8,1
6299,3,0,5
6300,1,6,9
6301,1,2,4
6302,0,8,2
6303,7,2,9
6304,0,9,2
6306,0,2,5
6307,4,9,5
6309,6,8,1
6310,5,9,6
6312,2,6,8
6313,9,2,0
6314,6,4,5
6315,6,5,1
6316,7,2,6
6318,7,2,2
6319,7,6,6
6320,0,7,9
6321,8,3,9
6323,2,9,3
6325,7,9,6
6327,4,6,9
6330,6,4,8
6331,0,9,3
6333,3,6,9
6334,0,1,8
6335,2,1,8
6336,4,0,3
6337,9,2,0
6338,7,9,9
6339,3,0,1
6340,3,0,8
6342,8,7,2
6343,8,3,2
6346,8,7,4
6347,0,4,4
6348,8,3,3
6350,0,2,7
6351,0,9,3
6352,2,0,9
6354,7,8,2
6355,0,9,7
6356,7,6,6
6357,7,2,5
6358,7,9,6
6360,2,0,9
6361,0,4,2
6362,4,0,9
6363,0,8,2
6365,7,2,6
6366,8,0,3
6369,9,5,2
6370,6,1,1
6372,1,4,0
6374,9,2,2
6375,3,9,9
6376,8,3,3
6377,9,2,0
6380,3,4,2
6381,9,8,4
6384,7,6,2
6385,5,9,6
6388,7,3,6
6389,5,0,9
6390,7,6,6
6391,9,0,0
6393,3,9,6
6394,0,4,3
6395,8,7,4
6396,4,0,9
6399,1,2,7
6402,8,2,0
6403,4,1,9
6404,7,5,2
6405,1,8,7
6407,2,6,9
6409,9,2,8
6410,1,5,4
6413,6,0,2
6414,8,1,1
6415,1,5,9
6416,7,8,6
6417,1,4,4
6418,0,9,7
6420,7,0,6
6421,6,0,8
6422,4,9,8
6426,1,4,9
6427,2,1,8
6430,1,6,4
6431,1,8,3
6432,8,9,3
6433,8,1,9
6435,9,2,0
6437,0,9,2
6438,4,0,6
6439,3,0,9
6440,3,8,0
6442,6,3,1
6443,6,0,8
6444,3,5,7
6447,4,2,9
6448,7,9,6
6449,8,1,3
6451,1,6,8
6452,4,5,9
6453,8,5,1
6454,4,8,1
6455,6,1,7
6456,2,6,3
6457,2,0,8
6458,2,4,9
6459,6,4,8
6460,3,5,2
6462,0,9,2
6463,8,7,3
6465,3,5,0
6467,3,4,6
6468,8,7,3
6470,1,2,4
6471,6,8,7
6472,1,4,7
6473,9,2,2
6474,8,2,3
6475,2,1,5
6476,0,2,3
6477,4,8,2
6478,7,0,6
6479,4,0,7
6480,0,7,9
6482,7,8,6
6483,6,0,8
6484,8,0,3
6487,6,0,7
6488,2,4,3
6489,8,1,9
6492,1,4,0
6493,1,4,4
6495,7,4,6
6496,7,6,2
6499,7,1,9
6501,2,9,9
6502,6,8,1
6504,7,5,6
6506,5,4,0
6508,0,9,3
6509,9,2,0
6511,7,6,6
6512,2,1,3
6515,2,0,4
6518,6,0,8
6519,2,0,9
6520,6,5,8
6523,6,1,9
6526,8,3,4
6527,5,1,0
6528,5,9,9
6529,2,4,3
6530,3,4,6
6532,5,6,9
6533,2,8,8
6534,7,8,6
6535,5,9,0
6536,1,8,3
6538,3,4,9
6539,7,6,2
6540,8,4,1
6541,8,4,4
6542,9,2,2
6544,0,2,9
6546,2,1,3
6548,0,5,2
6550,1,2,7
6551,4,5,6
6552,1,2,4
6553,3,8,5
6554,5,1,6
6555,1,8,7
6557,9,2,0
6558,6,0,0
6561,9,2,7
6562,5,1,6
6563,6,9,8
6565,9,2,4
6567,4,6,6
6568,2,8,3
6571,5,7,2
6572,4,8,9
6575,3,1,9
6577,1,3,4
6578,6,4,1
6579,9,1,0
6582,4,6,9
6583,0,2,3
6585,1,6,3
6586,6,0,8
6587,3,0,9
6591,5,6,9
6592,5,0,1
6593,2,4,9
6594,8,2,3
6595,2,3,6
6596,3,9,9
6597,1,2,0
6600,7,8,6
6601,0,4,2
6602,8,3,1
6603,9,4,0
6604,2,1,7
6605,6,5,1
6607,7,9,9
6608,5,1,3
6609,5,0,1
6610,8,0,4
6611,8,1,7
6612,7,6,1
6613,8,3,5
6614,5,6,6
6615,7,2,9
6617,4,8,5
6618,0,4,3
6619,0,2,2
6620,7,1,0
6621,0,3,3
6622,4,6,6
6623,0,4,5
6626,2,4,3
6629,0,7,3
6630,7,2,6
6632,7,5,2
6633,0,4,3
6634,4,5,9
6636,2,6,3
6637,9,2,8
6638,1,7,7
6639,1,9,4
6642,9,2,2
6643,1,2,4
6644,0,9,3
6645,6,8,9
6648,0,4,2
6649,9,2,0
6650,0,5,2
6651,6,0,8
6652,2,6,0
6654,4,0,5
6656,6,5,1
6657,7,6,8
6660,0,2,2
6661,4,0,3
6663,0,2,2
6664,4,6,5
6665,4,9,2
6667,7,6,2
6670,3,1,7
6671,5,1,2
6672,9,3,4
6674,5,9,9
6676,0,1,3
6677,5,9,3
6679,2,0,3
6680,3,1,1
6682,4,5,9
6683,5,0,6
6684,8,2,3
6685,1,4,4
6686,9,2,0
6687,3,1,8
6689,8,6,7
6691,8,1,4
6692,6,2,8
6694,3,5,6
6695,4,0,9
6696,0,9,9
6697,2,6,5
6699,2,1,3
6700,6,1,7
6701,1,2,4
6706,6,0,0
6707,2,6,8
6708,2,5,3
6709,3,9,8
6710,3,1,2
6711,5,1,0
6712,0,9,7
6713,2,4,0
6714,1,2,4
6716,8,2,3
6717,0,6,4
6718,8,1,3
6719,2,1,9
6720,2,4,9
6721,7,6,6
6722,3,4,9
6724,9,2,0
6725,8,1,9
6727,6,0,8
6730,8,0,3
6733,5,9,7
6734,8,2,4
6737,8,2,4
6739,0,1,7
6740,2,6,9
6741,9,2,4
6743,8,3,3
6744,3,1,0
6745,7,0,6
6749,9,2,2
6751,8,2,4
6752,9,2,0
6754,8,7,9
6755,9,2,7
6758,8,2,3
6760,5,9,9
6762,7,6,5
6765,8,3,0
6766,8,0,4
6767,1,2,4
6768,2,0,3
6769,3,1,9
6770,1,8,4
6775,0,4,8
6776,8,3,4
6777,2,4,8
6778,2,0,8
6780,7,5,6
6781,3,6,9
6782,5,9,9
6786,3,4,0
6787,5,1,0
6788,1,2,3
6789,1,2,4
6791,7,0,6
6793,3,4,0
6794,8,2,4
6797,0,8,2
6798,8,1,4
6801,6,0,1
6802,4,0,7
6803,6,1,8
6804,9,8,0
6806,1,3,3
6807,7,8,9
6810,8,7,1
6812,0,4,3
6813,6,8,1
6814,9,2,6
6815,0,7,3
6816,1,5,0
6817,1,7,4
6818,7,2,6
6819,2,1,3
6821,0,9,9
6822,4,6,9
6823,5,0,6
6825,3,1,1
6826,6,2,2
6829,8,1,9
6830,1,2,4
6831,8,2,4
6834,1,2,4
6836,4,5,9
6837,5,7,2
6838,1,3,4
6840,9,2,0
6841,1,3,7
6843,1,2,4
6844,7,8,6
6846,9,2,2
6847,8,2,4
6848,9,4,0
6849,4,1,6
6850,6,1,5
6851,0,1,3
6852,9,2,6
6854,0,7,2
6856,6,0,9
6858,1,4,3
6860,0,1,5
6862,5,9,9
6863,6,1,3
6864,0,9,3
6866,4,5,6
6867,6,4,1
6868,9,1,3
6871,9,4,0
6873,3,0,9
6874,6,0,7
6875,5,3,6
6878,5,4,6
6879,1,3,4
6880,2,0,6
6882,9,2,0
6883,7,0,2
6884,0,7,3
6885,0,6,7
6886,1,5,3
6888,4,6,1
6889,5,9,9
6890,5,9,2
6891,9,2,2
6893,3,1,1
6894,6,1,9
6895,2,0,3
6896,6,0,4
6902,4,6,2
6905,2,6,5
6906,1,4,0
6907,6,0,8
6910,7,6,6
6911,6,7,7
6914,8,9,3
6915,1,2,4
6917,6,0,8
6918,4,6,9
6921,6,0,0
6923,0,7,3
6925,2,0,8
6927,5,0,0
6928,2,1,9
6929,5,9,6
6932,9,0,0
6934,6,0,8
6935,7,2,3
6936,9,2,4
6937,8,4,4
6938,3,8,9
6939,2,0,8
6940,1,3,3
6944,5,0,9
6945,5,1,2
6946,6,8,9
6949,0,9,7
6950,8,2,3
6951,9,0,0
6954,7,3,8
6955,7,1,6
6956,6,0,8
6960,9,2,0
6961,8,1,4
6963,9,4,1
6964,5,8,6
6966,0,9,9
6967,4,8,2
6969,2,0,6
6970,0,7,3
6971,9,2,0
6972,1,4,0
6973,3,0,9
6977,7,6,2
6978,4,3,9
6980,0,1,4
6981,2,1,5
6982,1,2,4
6983,9,1,0
6984,1,2,3
6986,5,3,4
6987,8,9,3
6990,3,0,9
6991,1,8,7
6992,4,0,9
6994,3,8,9
6995,1,2,4
6996,0,9,2
6998,8,4,4
6999,8,9,3
7001,1,4,4
7006,6,1,1
7009,6,0,5
7010,0,9,1
7011,7,4,9
7012,7,3,6
7013,1,8,7
7014,3,4,9
7015,3,7,0
7016,3,8,4
7018,0,1,9
7019,2,1,9
7020,7,1,6
7021,1,2,7
7022,2,9,3
7024,9,3,4
7025,6,0,1
7026,3,4,0
7027,5,0,9
7029,4,8,2
7030,8,5,0
7031,0,7,4
7032,4,0,9
7033,8,9,3
7034,0,3,2
7036,3,1,8
7038,0,9,3
7039,4,8,7
7042,8,1,4
7043,6,4,7
7045,3,4,5
7046,9,4,4
7047,8,1,3
7048,2,1,3
7049,2,0,3
7050,8,1,4
7051,3,1,1
7052,1,2,7
7053,1,2,3
7055,8,1,3
7056,2,3,8
7057,6,2,1
7061,4,6,2
7062,4,1,3
7063,1,4,3
7064,5,1,6
7065,2,1,9
7066,6,1,1
7067,9,8,0
7069,0,1,2
7070,7,6,6
7071,1,0,4
7073,9,2,0
7074,3,9,2
7075,9,2,4
7076,9,2,4
7078,7,8,6
7079,7,2,6
7083,6,0,1
7084,4,0,9
7086,7,5,6
7087,7,1,2
7088,8,7,3
7089,7,8,1
7092,2,1,3
7093,2,5,5
7094,4,6,2
7095,4,0,8
7096,0,9,9
7097,7,2,9
7101,6,5,1
7102,0,4,2
7103,0,9,2
7105,3,4,4
7108,2,0,4
7109,4,2,3
7111,5,1,6
7113,9,7,2
7114,1,3,6
7115,0,3,2
7116,0,3,8
7117,6,2,0
7118,5,9,6
7120,7,4,6
7121,9,3,2
7122,9,2,0
7123,6,0,9
7124,5,9,9
7125,5,3,6
7127,5,4,9
7129,1,3,8
7130,6,8,7
7131,6,1,8
7132,4,5,9
7135,4,6,9
7137,5,3,6
7138,0,2,4
7139,0,4,2
7141,5,0,9
7142,8,0,3
7144,8,3,4
7148,0,2,7
7151,1,4,4
7153,7,9,6
7154,0,7,9
7155,9,5,2
7156,1,5,4
7157,5,0,9
7158,7,8,6
7159,6,1,4
7160,5,9,1
7163,6,0,8
7164,0,2,2
7165,0,9,5
7166,1,2,4
7167,7,8,6
7169,1,8,4
7170,9,8,1
7171,2,9,9
7172,4,0,9
7173,1,6,7
7175,7,8,2
7176,8,1,9
7178,0,4,2
7179,9,2,0
7180,6,0,9
7181,6,8,7
7185,8,7,2
7186,2,9,3
7187,7,2,2
7189,0,9,2
7190,2,6,3
7191,7,9,2
7192,7,1,6
7193,8,9,3
7194,8,1,4
7195,7,1,9
7196,0,4,3
7198,9,3,0
7199,1,7,7
7204,4,0,2
7205,6,0,1
7206,2,6,9
7207,3,5,0
7208,1,3,3
7210,3,0,4
7211,3,5,0
7215,1,3,4
7216,2,1,3
7218,9,2,3
7219,7,5,9
7220,9,4,2
7221,3,8,0
7222,8,7,9
7223,7,8,6
7224,3,2,9
7225,1,4,7
7226,7,2,6
7227,7,6,0
7229,2,1,9
7230,2,8,3
7231,8,3,4
7232,9,3,2
7233,5,0,9
7234,9,3,2
7236,1,6,9
7237,7,6,6
7238,4,1,5
7239,4,2,3
7240,0,4,3
7242,7,8,6
7243,1,3,8
7244,5,9,6
7246,0,8,2
7247,8,3,1
7249,9,4,7
7250,8,4,9
7251,7,1,6
7252,8,0,5
7254,2,1,8
7257,0,9,8
7258,5,0,9
7259,4,6,1
7260,1,2,7
7261,8,2,3
7262,2,5,0
7263,5,3,0
7264,4,6,1
7265,5,1,6
7266,2,6,9
7268,3,4,1
7269,7,8,2
7270,9,2,0
7271,7,6,6
7273,4,8,5
7275,3,4,5
7276,1,8,3
7277,4,6,5
7279,5,4,0
7280,1,2,2
7282,1,2,3
7284,0,7,2
7285,1,3,0
7286,2,3,8
7288,7,5,2
7289,0,9,3
7290,6,1,0
7291,3,1,9
7293,7,9,2
7294,5,3,2
7295,5,4,1
7296,8,2,3
7297,9,2,0
7298,4,5,6
7299,6,8,5
7300,3,4,9
7301,6,5,8
7302,6,4,8
7303,8,0,3
7304,2,0,3
7305,6,1,8
7307,8,3,3
7312,2,9,9
7313,3,5,5
7315,0,4,3
7316,1,3,3
7317,6,8,9
7321,2,1,5
7322,4,8,3
7323,3,6,9
7324,1,2,3
7325,4,2,3
7326,4,0,5
7329,1,2,7
7330,5,9,9
7332,7,8,2
7335,4,8,5
7338,5,1,6
7339,6,4,1
7340,2,9,3
7342,7,3,9
7345,6,8,7
7346,5,4,2
7347,0,9,3
7348,2,8,4
7349,3,4,1
7350,9,2,0
7352,3,6,1
7353,8,7,4
7354,0,7,3
7355,7,1,6
7356,0,9,3
7357,6,1,1
7358,8,7,9
7359,1,8,3
7361,8,0,4
7363,1,2,4
7364,5,8,2
7365,4,2,9
7367,3,0,6
7368,5,1,6
7369,5,9,0
7371,6,0,1
7372,5,9,0
7373,0,9,3
7374,3,6,6
7376,1,3,4
7377,3,9,1
7379,7,6,2
7380,7,1,6
7383,4,9,9
7384,3,1,6
7385,9,2,0
7387,1,3,7
7388,7,5,6
7389,6,0,1
7391,4,5,9
7392,8,7,4
7394,1,4,0
7396,8,1,9
7398,5,6,9
7399,3,1,0
7401,3,9,7
7405,7,1,6
7407,9,2,2
7412,9,2,0
7413,1,4,9
7414,8,9,2
7415,3,6,9
7419,0,4,4
7422,4,2,2
7423,6,0,4
7424,9,2,2
7425,2,6,3
7426,7,8,6
7427,2,1,5
7428,0,9,2
7429,5,6,1
7430,2,4,0
7431,9,0,0
7432,7,2,6
7433,5,9,6
7434,0,2,3
7435,7,2,6
7436,0,9,3
7438,5,1,0
7440,3,4,5
7441,8,2,3
7442,7,8,2
7445,6,8,1
7450,1,3,3
7452,4,5,9
7454,0,9,2
7456,7,0,2
7457,2,8,3
7459,8,1,7
7460,5,0,2
7461,9,2,0
7464,8,4,9
7465,0,2,3
7466,6,4,8
7467,6,0,3
7469,6,1,7
7470,9,1,0
7471,6,9,9
7475,3,4,9
7476,5,6,1
7477,0,3,3
7478,7,5,6
7479,6,0,7
7480,1,5,0
7481,4,0,3
7482,4,0,1
7485,8,7,2
7486,1,2,3
7487,1,3,3
7488,2,4,3
7492,9,4,0
7493,5,4,6
7494,2,6,3
7495,7,6,6
7497,3,0,9
7499,9,2,8
7500,6,0,8
7501,9,8,2
7502,8,3,1
7503,8,2,3
7504,6,1,8
7506,4,0,5
7507,7,0,9
7510,8,7,7
7511,0,9,3
7512,9,2,0
7513,0,9,2
7514,7,6,6
7515,8,7,9
7516,1,2,4
7519,2,4,9
7520,4,1,9
7521,2,1,5
7522,9,8,0
7523,0,8,8
7525,8,2,3
7526,9,2,0
7527,6,1,9
7528,5,9,9
7529,5,7,6
7530,2,1,3
7531,4,0,2
7532,1,8,3
7533,0,2,2
7534,6,0,8
7537,4,2,9
7538,5,9,6
7539,5,1,6
7540,5,9,9
7543,9,2,0
7544,0,9,3
7545,5,1,6
7546,7,8,6
7547,9,2,0
7548,6,1,7
7550,4,5,6
7555,1,2,7
7558,2,6,3
7560,0,2,3
7561,2,1,9
7563,9,2,0
7564,8,9,3
7565,1,3,7
7566,9,4,2
7567,7,4,6
7568,7,0,2
7569,3,0,0
7570,1,6,0
7572,1,2,4
7575,8,3,4
7576,8,2,7
7577,1,2,4
7578,9,2,7
7579,3,0,0
7581,9,2,0
7583,1,2,6
7584,1,2,4
7585,6,0,1
7587,7,9,2
7592,9,2,0
7593,6,0,1
7597,9,3,0
7599,8,1,9
7601,8,1,3
7604,1,5,7
7608,5,0,9
7609,0,7,1
7610,7,5,2
7611,7,4,4
7612,7,8,5
7613,9,2,2
7614,4,6,2
7615,5,0,1
7616,0,4,3
7617,2,4,3
7618,3,1,0
7619,5,9,2
7621,8,2,4
7622,9,2,0
7624,2,9,8
7625,7,6,2
7626,1,2,9
7627,3,9,8
7630,9,8,0
7631,1,7,3
7633,7,0,2
7634,1,2,4
7635,9,2,2
7636,5,0,9
7639,9,2,1
7640,9,8,4
7642,9,2,0
7643,8,2,4
7645,0,5,2
7646,2,0,3
7647,6,0,8
7648,0,5,2
7649,2,1,9
7650,2,1,9
7651,4,2,9
7652,0,4,4
7653,8,1,3
7654,4,8,9
7655,8,2,3
7656,1,9,7
7658,7,8,6
7659,2,6,3
7661,9,1,4
7662,5,2,9
7663,2,0,3
7664,2,9,8
7665,9,6,0
7667,6,8,1
7668,5,1,6
7670,2,4,3
7672,6,8,1
7676,2,1,3
7678,8,3,3
7679,6,1,8
7681,0,9,2
7683,0,9,3
7684,0,9,2
7688,8,4,2
7690,6,4,7
7691,6,8,1
7692,0,9,7
7693,7,3,2
7694,9,2,2
7695,8,2,3
7696,0,9,4
7699,9,2,2
7700,6,0,5
7701,0,4,2
7702,4,0,9
7703,7,2,6
7706,8,7,3
7707,8,4,7
7708,2,6,9
7709,3,0,1
7710,9,2,0
7714,3,4,1
7715,1,7,4
7716,5,0,9
7717,3,1,0
7718,0,4,2
7719,2,9,8
7720,5,6,9
7721,2,0,3
7723,3,6,9
7724,8,0,4
7725,4,5,5
7726,4,6,6
7727,6,4,8
7728,1,2,4
7729,9,4,0
7730,4,0,5
7731,1,2,4
7732,7,8,9
7734,1,0,7
7736,3,6,7
7738,2,3,8
7739,9,2,2
7741,5,9,9
7742,0,8,3
7743,3,6,0
7745,7,5,9
7746,2,9,8
7747,3,1,2
7748,0,1,3
7749,1,2,7
7751,7,9,6
7752,9,2,0
7753,9,1,4
7754,0,1,2
7755,7,8,6
7756,5,1,9
7757,6,4,1
7758,7,8,6
7759,1,2,3
7762,7,2,9
7764,6,8,1
7765,8,6,3
7766,4,0,9
7767,9,3,0
7768,8,2,3
7769,4,7,9
7770,9,2,0
7772,3,0,1
7773,4,0,3
7775,2,6,9
7776,5,1,4
7777,6,0,8
7780,3,1,6
7781,5,3,1
7782,8,2,3
7783,3,9,2
7786,9,6,0
7787,5,3,6
7788,6,0,7
7789,3,4,7
7790,8,2,3
7793,8,0,9
7796,8,0,4
7798,5,9,6
7799,9,8,2
7800,0,9,3
7801,4,1,9
7803,0,2,3
7804,5,0,0
7805,9,4,2
7806,9,2,0
7807,3,8,9
7808,8,7,1
7809,0,4,9
7811,0,9,3
7812,2,1,8
7813,3,9,9
7814,7,4,6
7817,6,0,7
7818,9,8,2
7820,5,0,0
7822,2,1,1
7823,7,0,2
7824,9,1,0
7825,3,1,9
7831,2,5,3
7832,8,0,3
7833,8,2,4
7834,5,0,6
7835,0,9,8
7838,0,9,9
7840,1,3,7
7843,0,1,7
7844,9,2,4
7845,2,1,4
7846,6,1,1
7847,7,8,5
7848,4,5,9
7850,0,2,3
7851,0,2,4
7854,3,1,8
7855,2,1,9
7856,6,4,7
7857,4,6,9
7858,2,9,9
7859,7,4,6
7860,8,3,9
7863,0,9,2
7864,1,8,4
7865,3,6,0
7866,6,0,1
7867,4,8,3
7868,8,2,0
7869,0,9,2
7870,6,0,1
7871,0,1,3
7872,9,2,0
7874,6,5,1
7875,2,9,9
7878,1,2,7
7879,3,1,0
7880,0,9,3
7882,7,6,6
7883,9,2,2
7885,3,0,5
7886,7,8,6
7888,7,9,2
7890,6,0,1
7891,6,2,7
7894,1,2,9
7896,4,0,9
7898,1,5,4
7899,7,0,6
7900,0,7,9
7901,1,2,2
7902,2,1,8
7903,1,4,4
7905,3,1,1
7906,2,6,9
7907,6,4,5
7908,9,3,2
7910,3,1,9
7911,2,8,3
7912,0,9,7
7913,8,9,4
7914,7,8,6
7915,3,4,0
7919,6,9,8
7920,9,2,5
7922,8,1,5
7923,9,2,1
7924,3,0,5
7925,0,9,2
7926,5,6,9
7927,7,8,9
7928,2,9,6
7931,9,8,0
7934,8,0,3
7936,1,7,9
7938,2,5,1
7939,2,6,9
7942,9,2,2
7944,2,0,9
7945,6,8,5
7946,1,4,3
7948,1,4,7
7949,8,3,3
7950,9,1,0
7951,2,1,8
7954,9,1,0
7957,4,9,9
7961,3,2,1
7963,7,5,6
7965,7,9,6
7966,7,2,6
7968,8,0,3
7969,6,5,4
7970,3,4,9
7971,5,0,9
7974,6,1,7
7975,2,6,7
7976,7,6,6
7977,8,2,3
7978,4,0,9
7979,3,0,9
7980,3,1,9
7981,5,0,6
7982,9,2,7
7986,1,2,3
7987,0,4,2
7988,6,0,5
7990,0,9,5
7991,9,2,7
7992,6,0,8
7993,2,1,3
7995,8,2,3
7996,7,9,5
7997,1,2,4
7998,2,0,4
8000,9,2,0
8002,6,4,5
8003,4,0,5
8004,7,4,0
8005,1,9,4
8007,0,6,7
8008,0,2,9
8010,2,9,5
8012,3,1,9
8013,8,2,3
8014,2,4,9
8015,8,1,7
8017,0,4,2
8018,8,0,3
8019,3,4,0
8021,1,2,4
8024,0,9,3
8026,0,8,3
8027,4,5,5
8028,1,8,3
8029,7,0,2
8031,0,7,2
8032,1,2,3
8034,9,0,7
8038,6,5,0
8039,1,3,4
8040,2,1,9
8042,7,4,6
8043,0,5,3
8044,9,3,0
8047,0,2,3
8048,0,9,9
8050,7,8,9
8051,9,2,0
8052,7,8,9
8053,1,2,3
8054,9,2,2
8056,1,5,2
8059,3,6,1
8060,6,0,8
8061,0,9,2
8062,2,0,3
8063,0,3,3
8064,0,9,2
8065,9,3,0
8067,8,3,3
8070,5,1,6
8072,3,0,9
8074,7,9,6
8075,8,7,3
8076,7,9,6
8077,3,1,5
8080,4,8,9
8081,6,0,7
8082,5,0,9
8083,9,3,2
8084,5,1,3
8086,4,0,5
8088,7,0,2
8089,9,2,2
8090,6,1,9
8091,7,1,2
8093,7,6,2
8095,2,0,7
8096,3,0,8
8097,1,2,7
8098,1,6,0
8099,3,1,9
8100,6,5,3
8101,8,1,7
8102,3,1,9
8104,7,2,6
8105,0,4,9
8106,8,7,3
8108,5,9,6
8113,6,0,8
8114,3,4,9
8116,9,2,0
8117,8,9,2
8119,6,9,9
8120,8,2,9
8122,4,0,6
8123,1,2,9
8124,7,2,2
8126,4,1,9
8127,9,7,2
8129,2,6,9
8130,6,0,7
8131,3,1,9
8132,8,1,9
8133,8,1,4
8134,6,0,8
8137,8,0,7
8139,1,2,4
8140,5,4,6
8141,3,0,6
8142,7,8,6
8143,9,1,0
8144,9,7,7
8146,8,1,4
8147,5,9,6
8148,9,6,0
8149,9,2,7
8150,6,0,8
8151,8,2,2
8152,8,1,3
8154,8,1,3
8155,1,2,7
8158,8,1,4
8159,8,7,1
8160,6,1,8
8162,9,3,2
8163,0,8,2
8164,6,0,1
8165,1,3,3
8167,6,0,8
8168,6,1,9
8170,5,7,6
8171,6,7,7
8172,5,9,8
8176,6,0,5
8177,8,2,3
8178,9,3,4
8179,4,8,9
8181,3,1,9
8184,6,0,7
8185,0,4,2
8186,8,7,1
8187,5,6,6
8188,7,8,2
8189,8,5,3
8190,4,6,5
8195,8,9,3
8197,0,7,4
8199,4,8,5
8200,3,4,0
8201,3,6,9
8203,3,4,0
8204,3,1,0
8205,2,9,3
8206,7,1,9
8207,7,6,6
8208,8,1,9
8210,0,3,4
8211,5,0,9
8213,6,0,1
8214,1,2,4
8215,1,2,3
8217,9,2,0
8218,9,4,0
8219,3,1,0
8221,7,5,6
8223,8,2,3
8224,3,8,1
8227,7,8,2
8228,8,0,3
8230,0,9,2
8231,3,1,0
8233,4,8,2
8235,7,9,6
8237,7,8,6
8238,1,3,4
8239,8,3,4
8240,7,9,6
8242,5,0,4
8243,4,8,9
8244,4,2,3
8245,3,1,9
8246,8,0,9
8247,6,1,7
8248,1,4,3
8249,1,2,2
8250,6,5,4
8251,3,6,6
8252,2,1,8
8253,2,3,3
8254,8,2,9
8255,9,2,2
8256,8,7,4
8257,3,6,1
8259,8,2,9
8260,1,8,4
8262,0,1,2
8263,5,9,9
8264,2,8,3
8265,0,2,4
8266,5,9,2
8270,6,0,7
8271,3,1,9
8274,6,0,7
8277,4,5,5
8278,8,1,4
8279,3,4,9
8282,1,2,4
8283,1,3,4
8284,2,1,3
8285,9,2,4
8288,5,0,6
8289,5,9,0
8292,9,6,6
8293,0,9,9
8294,8,9,3
8297,1,2,4
8299,3,1,0
8301,5,1,6
8302,3,4,1
8303,8,7,2
8305,4,6,9
8307,4,9,8
8308,2,1,6
8310,3,1,5
8311,8,6,9
8312,9,3,1
8313,6,4,8
8315,6,1,8
8320,7,4,2
8321,4,2,1
8325,8,0,5
8328,7,8,6
8329,8,3,3
8332,9,1,0
8333,1,6,0
8334,6,8,2
8336,3,1,1
8337,3,9,5
8338,3,1,8
8339,8,2,3
8343,3,0,6
8344,7,6,6
8345,9,0,0
8346,6,5,7
8350,9,2,0
8351,0,1,3
8352,5,9,9
8353,7,1,6
8355,9,8,0
8358,0,7,4
8359,2,6,3
8360,7,0,6
8361,8,1,4
8365,6,4,7
8367,6,0,1
8368,6,4,8
8371,2,5,7
8373,8,4,3
8374,4,8,9
8375,4,0,5
8376,7,6,6
8377,8,2,3
8380,9,2,4
8386,3,7,5
8388,1,3,4
8389,1,4,4
8392,6,0,1
8393,8,0,3
8394,7,9,9
8396,3,9,1
8397,0,9,2
8399,5,6,9
8400,0,8,2
8401,3,4,9
8403,6,0,7
8404,2,0,3
8406,9,2,0
8407,8,4,4
8409,8,0,9
8411,8,4,3
8412,2,1,9
8413,9,2,3
8414,6,0,1
8415,0,2,3
8416,6,2,8
8417,1,9,2
8418,8,9,9
8420,3,1,1
8421,2,3,9
8422,2,0,3
8423,6,0,7
8424,5,0,9
8427,2,9,4
8429,4,0,3
8430,9,1,0
8431,8,0,3
8432,5,6,6
8433,3,4,2
8436,5,9,2
8438,1,5,3
8439,8,9,4
8441,8,2,3
8442,6,1,7
8444,5,8,9
8445,1,3,3
8448,4,6,1
8449,1,6,6
8450,9,1,0
8452,4,1,5
8455,1,5,7
8458,5,0,6
8459,9,2,0
8460,8,2,3
8461,7,6,8
8464,6,5,7
8466,7,1,0
8467,3,1,9
8468,6,0,1
8470,8,7,3
8472,2,1,8
8474,4,0,9
8475,9,4,7
8477,5,6,0
8478,5,3,1
8479,4,0,9
8482,1,2,3
8483,0,9,9
8485,0,4,3
8486,4,1,5
8488,9,8,7
8489,1,2,7
8490,3,0,6
8494,1,8,3
8495,1,8,4
8496,0,4,2
8497,4,6,9
8499,9,4,2
8500,4,6,9
8501,8,1,3
8502,1,2,3
8504,1,2,7
8506,9,8,4
8508,1,2,0
8509,6,4,7
8510,7,8,6
8513,9,2,2
8514,7,5,9
8515,8,3,3
8516,8,5,1
8517,1,2,7
8519,7,5,6
8520,8,5,3
8522,1,4,4
8523,6,0,8
8524,6,8,8
8527,1,8,7
8528,3,9,9
8529,0,2,3
8530,8,2,4
8532,3,6,9
8533,6,0,9
8534,6,0,1
8537,0,6,3
8543,0,2,4
8544,6,8,8
8547,6,1,0
8550,1,2,4
8551,8,2,4
8552,6,1,7
8554,0,1,9
8555,5,9,1
8557,3,0,6
8558,2,0,3
8561,8,0,3
8565,7,6,6
8567,8,3,4
8568,7,8,6
8569,6,5,1
8570,6,2,8
8571,7,2,0
8572,0,7,3
8574,4,6,3
8575,9,1,2
8579,1,2,4
8580,3,1,1
8581,8,5,9
8582,6,1,8
8583,8,7,6
8584,1,2,3
8585,9,2,0
8587,7,9,6
8588,6,0,1
8589,5,9,0
8590,0,6,2
8591,6,2,5
8592,0,1,4
8594,3,0,8
8595,1,3,3
8598,3,4,6
8599,4,0,3
8600,3,6,9
8601,3,1,5
8602,8,3,4
8603,1,2,3
8604,6,9,8
8605,6,4,1
8606,1,2,4
8607,8,2,3
8608,8,3,4
8609,6,0,8
8610,2,6,0
8611,7,9,6
8612,4,0,9
8613,6,8,9
8614,8,9,4
8615,9,2,0
8619,5,4,2
8620,3,1,9
8621,1,2,4
8622,4,6,9
8623,1,8,4
8624,9,1,2
8625,5,0,0
8627,7,4,8
8632,3,2,1
8637,4,9,9
8638,0,7,2
8639,7,0,9
8640,1,7,3
8641,7,3,2
8643,0,4,2
8645,1,3,5
8647,4,6,9
8648,1,3,4
8649,2,9,7
8650,2,1,9
8652,9,2,0
8655,8,5,4
8656,7,1,6
8657,6,7,2
8658,3,1,9
8659,4,7,9
8661,2,1,3
8662,3,9,1
8663,1,2,0
8665,3,1,0
8666,0,9,8
8667,4,6,5
8670,9,4,0
8673,9,6,2
8675,7,5,6
8676,8,0,3
8678,1,3,4
8679,8,1,3
8680,3,8,7
8681,2,4,8
8682,5,9,7
8683,7,8,6
8685,7,8,2
8686,9,3,0
8687,6,0,8
8688,8,4,2
8689,6,8,8
8690,8,0,3
8692,5,9,8
8693,9,2,2
8695,4,6,5
8696,8,1,3
8697,5,1,6
8698,6,0,8
8700,3,8,0
8701,8,7,9
8702,0,2,4
8703,4,5,5
8704,8,4,3
8706,7,8,6
8707,2,1,3
8709,1,9,3
8710,7,6,2
8711,4,0,5
8712,1,4,3
8713,2,1,8
8715,2,9,8
8718,7,2,6
8719,2,6,9
8724,6,5,4
8725,8,1,7
8731,9,8,1
8732,8,4,3
8733,7,5,6
8734,2,6,4
8735,3,1,4
8739,3,1,4
8740,2,1,4
8744,1,2,0
8745,5,1,6
8746,3,9,9
8747,2,8,3
8749,5,9,2
8750,9,3,0
8752,5,9,0
8754,3,4,5
8755,6,0,8
8758,9,6,0
8759,7,1,8
8760,8,0,0
8761,0,4,2
8762,8,7,3
8763,9,2,2
8765,2,1,9
8766,5,0,9
8768,2,8,1
8769,0,4,3
8771,6,0,7
8776,5,1,6
8777,0,9,4
8779,7,9,2
8780,4,9,3
8782,5,9,6
8784,4,6,9
8786,3,8,2
8787,4,8,2
8788,5,9,9
8789,5,6,6
8791,6,0,1
8793,7,1,6
8794,5,1,2
8795,0,9,3
8796,9,4,7
8797,9,2,0
8798,6,4,8
8799,1,8,7
8802,6,0,8
8805,9,2,6
8806,3,1,8
8807,6,0,8
8812,0,8,8
8813,1,2,3
8816,7,2,6
8818,3,4,9
8819,0,9,2
8821,7,6,6
8822,6,0,8
8823,4,9,2
8826,8,2,3
8827,2,5,8
8828,0,4,8
8829,0,4,7
8830,9,2,2
8832,6,2,5
8833,6,4,8
8834,8,0,4
8835,7,6,6
8837,1,5,4
8838,8,7,3
8839,1,8,3
8840,2,5,4
8843,8,3,9
8844,5,1,6
8845,2,6,3
8846,6,0,8
8848,3,4,2
8849,9,2,2
8850,1,3,4
8851,0,9,2
8853,2,0,8
8855,4,5,9
8857,0,2,3
8858,6,5,0
8859,2,0,5
8860,2,9,3
8861,4,0,5
8862,0,1,9
8864,9,2,0
8865,7,2,6
8866,1,2,9
8867,8,2,3
8869,5,1,6
8870,5,0,2
8871,9,5,2
8873,5,9,6
8875,8,0,9
8878,8,9,9
8879,9,2,0
8880,1,2,4
8881,6,9,1
8883,8,2,3
8885,3,0,2
8887,4,6,2
8888,8,2,4
8889,4,0,9
8890,8,7,3
8891,9,8,0
8892,8,9,4
8893,6,0,5
8894,0,8,2
8895,0,1,2
8896,8,2,4
8902,6,0,1
8903,0,2,7
8904,5,1,6
8905,8,1,4
8907,1,4,4
8908,9,2,0
8909,0,1,2
8910,1,2,7
8911,4,0,2
8913,8,2,3
8914,4,6,9
8915,9,2,7
8916,6,4,7
8917,0,4,7
8919,7,1,2
8920,6,0,1
8921,8,4,2
8922,9,2,0
8925,0,4,3
8926,4,0,9
8927,9,2,0
8929,9,2,0
8930,3,1,9
8931,9,2,0
8933,6,0,1
8934,7,6,9
8935,0,9,3
8936,9,4,4
8937,7,3,2
8938,1,0,4
8941,0,2,2
8942,6,8,8
8944,4,0,1
8945,1,5,0
8946,9,3,0
8947,4,0,3
8948,6,1,1
8949,7,8,0
8950,9,2,8
8953,9,2,0
8954,2,6,3
8958,6,0,5
8959,1,5,0
8961,0,4,3
8962,5,0,7
8964,0,2,7
8965,4,5,9
8966,3,1,8
8968,8,0,4
8969,8,3,2
8970,0,2,3
8971,6,0,2
8974,2,6,9
8975,8,7,3
8980,9,2,0
8982,2,5,3
8984,6,8,8
8988,2,9,3
8989,4,0,5
8990,1,5,7
8992,5,4,1
8994,8,2,3
8995,9,2,2
8997,5,2,2
8998,9,2,0
8999,3,7,0
9002,6,4,8
9004,7,6,9
9005,5,9,1
9006,6,4,4
9008,0,2,3
9009,2,1,9
9010,8,1,9
9013,7,0,5
9014,7,5,2
9015,8,7,5
9016,1,5,4
9017,0,4,2
9019,9,2,7
9020,7,1,2
9021,0,8,9
9022,3,0,2
9023,8,3,3
9025,5,3,9
9027,5,9,9
9029,4,6,2
9030,2,1,3
9031,0,4,2
9032,9,2,2
9033,2,6,8
9036,4,5,5
9037,9,2,7
9039,2,6,9
9042,1,6,7
9043,3,1,9
9045,0,9,9
9046,0,2,2
9047,4,8,9
9049,6,5,8
9051,8,2,4
9053,5,9,0
9055,6,4,5
9056,4,3,9
9058,5,1,0
9059,2,1,9
9060,9,1,2
9061,7,6,6
9062,9,6,7
9063,7,4,6
9065,0,9,8
9066,1,9,6
9068,6,0,8
9069,9,4,0
9070,2,6,9
9072,9,2,2
9075,0,9,5
9076,6,8,7
9077,2,5,9
9078,4,3,9
9080,3,9,2
9081,7,3,9
9084,5,3,9
9085,9,2,7
9086,0,1,7
9089,3,1,9
9090,2,1,8
9091,7,8,6
9093,3,6,9
9094,2,0,8
9096,9,0,0
9097,0,1,5
9099,9,2,0
9100,9,2,1
9101,8,0,4
9102,7,6,6
9103,7,8,8
9104,4,1,9
9105,8,7,3
9107,5,4,1
9108,2,4,3
9109,3,0,9
9110,1,8,4
9111,0,9,2
9112,4,8,3
9114,8,4,9
9115,8,3,9
9116,4,6,9
9117,9,2,0
9118,4,6,2
9119,4,5,5
9121,3,0,7
9123,2,1,8
9124,0,9,4
9125,1,3,3
9127,8,3,0
9129,4,6,5
9130,8,7,1
9131,3,7,5
9133,9,2,0
9134,5,6,9
9135,7,5,6
9136,6,5,8
9138,5,9,6
9139,4,0,9
9140,7,2,6
9141,3,1,1
9142,3,5,2
9143,9,2,0
9144,0,7,3
9146,5,9,0
9147,9,0,4
9150,6,4,7
9151,0,7,5
9152,4,1,3
9154,2,0,3
9155,5,9,6
9156,6,1,1
9157,3,0,1
9158,8,3,9
9159,9,2,0
9161,6,1,5
9162,1,9,0
9163,4,6,9
9164,5,0,0
9167,7,1,6
9168,2,9,9
9171,2,0,3
9172,0,4,3
9174,9,0,2
9175,8,0,1
9176,8,1,1
9177,9,2,2
9180,5,9,9
9181,0,3,2
9182,0,9,2
9183,8,1,4
9184,7,0,2
9185,1,6,2
9186,7,1,6
9187,4,6,8
9188,5,0,6
9189,4,8,9
9190,3,9,2
9191,3,6,0
9192,2,0,3
9194,6,8,7
9195,6,0,1
9196,0,5,9
9197,1,2,4
9198,3,1,0
9199,9,2,0
9201,3,1,1
9202,7,6,6
9203,8,2,4
9204,9,2,0
9205,4,6,6
9206,8,1,3
9210,7,9,2
9211,1,8,7
9212,6,8,8
9219,9,2,4
9220,8,4,4
9221,7,8,5
9222,7,8,6
9226,3,4,9
9227,1,8,7
9228,3,6,9
9229,1,0,6
9230,2,9,3
9232,1,2,4
9233,8,2,3
9234,2,6,5
9235,0,9,2
9236,9,2,0
9238,9,1,2
9239,8,0,3
9240,8,1,3
9241,6,4,8
9242,7,2,2
9243,3,0,1
9244,7,5,6
9245,1,6,0
9247,9,2,0
9248,0,4,4
9249,9,2,2
9250,3,4,9
9251,6,0,8
9252,7,4,6
9255,3,1,9
9256,0,9,2
9257,5,9,0
9258,9,1,2
9259,7,8,5
9260,5,0,2
9261,5,9,0
9263,6,0,5
9266,8,1,3
9268,7,1,8
9270,9,2,4
9271,0,2,5
9274,8,7,4
9275,8,9,0
9278,7,8,6
9280,9,2,0
9281,3,1,6
9283,9,2,0
9284,7,8,6
9285,8,4,4
9286,7,1,2
9287,9,2,0
9288,8,2,3
9290,4,6,2
9291,8,0,3
9293,7,8,6
9295,3,1,8
9296,8,1,1
9297,2,4,3
9298,1,2,8
9299,9,2,0
9302,3,4,9
9303,9,2,7
9304,5,1,3
9307,7,2,6
9308,3,1,9
9309,5,9,8
9311,5,6,9
9312,9,8,0
9313,7,5,2
9314,6,4,8
9316,3,6,6
9319,3,0,5
9320,9,3,0
9321,4,5,9
9323,1,9,4
9324,9,3,7
9326,0,2,3
9327,2,0,8
9328,6,1,7
9330,4,6,9
9331,7,4,2
9332,9,2,0
9333,0,3,2
9334,7,6,2
9338,3,7,9
9340,1,3,4
9342,6,5,7
9343,8,2,4
9344,2,0,1
9345,1,2,2
9347,8,9,4
9348,5,6,9
9350,6,8,1
9351,1,2,3
9352,1,5,0
9354,0,9,3
9355,6,0,7
9357,9,3,6
9358,2,0,3
9359,6,4,4
9361,8,1,3
9362,9,2,2
9364,5,4,0
9365,6,1,8
9367,9,2,2
9368,1,2,4
9371,8,7,3
9372,7,6,6
9373,1,2,4
9374,7,8,2
9377,4,0,6
9378,9,2,2
9379,7,5,6
9382,9,2,4
9383,9,8,3
9384,4,0,9
9388,3,1,9
9389,8,9,4
9390,7,8,2
9391,9,2,0
9393,4,0,9
9394,5,9,6
9395,7,6,6
9396,5,1,6
9397,2,9,9
9398,8,1,7
9399,7,5,6
9400,6,0,1
9401,9,8,2
9403,9,3,0
9404,3,1,9
9405,8,7,3
9406,5,4,6
9407,6,4,7
9408,6,0,8
9409,9,2,4
9410,5,9,0
9411,7,8,9
9412,8,3,3
9413,0,2,3
9416,7,5,6
9418,8,1,4
9419,2,6,6
9420,5,1,6
9423,2,9,3
9424,2,9,3
9427,1,2,4
9428,7,3,5
9430,6,0,8
9432,1,2,7
9434,7,0,0
9437,3,6,5
9438,7,1,6
9441,4,6,9
9444,7,1,6
9446,5,6,2
9447,4,8,9
9450,6,0,8
9451,8,1,3
9452,2,0,4
9453,3,1,9
9456,6,1,8
9458,7,8,6
9460,3,8,5
9466,8,1,3
9469,0,2,2
9470,9,2,0
9471,6,8,7
9472,8,2,4
9473,0,4,3
9474,8,1,3
9475,2,6,3
9477,5,1,6
9478,7,8,6
9479,7,1,9
9481,2,6,9
9482,0,9,7
9483,0,2,3
9485,7,9,2
9486,4,9,9
9487,1,4,4
9488,6,0,8
9489,6,0,8
9491,8,1,4
9492,9,5,0
9493,0,2,2
9494,9,2,4
9495,0,4,4
9499,0,4,3
9500,9,3,0
9502,6,0,8
9504,6,0,8
9505,3,1,6
9508,8,7,3
9509,4,0,2
9512,0,4,2
9516,9,2,0
9517,9,4,0
9519,9,2,4
9521,2,0,1
9523,5,9,0
9524,4,6,3
9525,2,0,3
9526,9,2,0
9527,6,0,0
9530,6,0,8
9531,6,8,8
9532,8,2,3
9533,0,2,9
9534,6,0,7
9535,1,6,3
9536,4,1,9
9537,6,0,8
9538,8,2,9
9539,0,2,4
9540,5,9,9
9541,4,8,9
9543,2,5,8
9544,0,2,7
9545,9,2,0
9546,6,1,5
9547,4,6,5
9549,4,1,5
9550,6,0,7
9552,9,6,0
9553,7,9,5
9554,7,8,6
9556,6,5,8
9558,0,9,3
9560,9,8,7
9561,0,2,3
9562,3,4,4
9564,9,3,0
9565,0,7,2
9566,9,2,2
9568,8,2,3
9569,6,0,8
9570,7,8,2
9571,6,0,1
9572,8,3,4
9574,4,0,5
9575,5,9,1
9577,0,4,3
9578,3,1,1
9579,2,8,8
9580,1,5,4
9581,7,8,6
9582,5,3,9
9583,9,2,7
9584,3,0,8
9585,4,6,1
9586,5,3,4
9589,5,0,6
9590,0,9,1
9591,1,2,4
9592,1,2,4
9595,7,9,6
9597,4,6,3
9598,9,2,0
9599,7,3,2
9600,8,2,4
9601,1,3,6
9602,0,1,4
9603,2,8,3
9604,8,4,4
9605,5,9,8
9607,7,2,9
9608,0,9,3
9610,4,0,8
9613,4,7,9
9614,6,5,8
9615,6,0,1
9617,8,7,3
9619,8,1,3
9620,4,5,5
9621,6,8,8
9622,5,6,6
9623,9,8,2
9624,2,5,9
9625,2,9,3
9626,1,4,6
9627,4,1,3
9628,9,2,0
9629,1,8,7
9630,6,4,1
9631,7,9,6
9632,2,1,3
9633,0,9,2
9634,1,2,7
9636,6,0,1
9638,2,1,3
9639,2,9,3
9640,5,6,8
9644,0,4,7
9645,1,3,0
9650,8,3,9
9651,7,9,6
9653,6,5,7
9654,5,4,6
9655,8,2,3
9656,0,3,3
9658,9,2,0
9660,6,0,4
9661,5,9,9
9662,1,2,3
9663,1,2,4
9667,9,4,0
9669,8,0,2
9670,1,5,0
9671,7,9,2
9672,7,6,9
9673,9,3,2
9674,9,2,0
9676,3,0,9
9677,6,0,8
9678,3,9,8
9679,2,1,9
9680,8,0,4
9681,2,1,5
9682,7,9,6
9683,6,1,9
9684,7,8,2
9685,0,9,3
9686,2,1,8
9688,2,6,8
9689,9,6,2
9690,4,0,8
9692,9,4,0
9695,0,9,3
9696,1,5,2
9697,8,2,4
9698,7,8,6
9700,0,8,9
9701,4,6,6
9702,7,8,6
9703,4,0,9
9706,9,2,0
9708,9,2,2
9710,7,9,2
9711,4,2,9
9712,5,3,0
9714,1,2,7
9716,7,8,9
9717,9,3,0
9718,9,2,4
9719,8,2,2
9720,8,7,4
9722,3,9,2
9723,7,9,9
9724,0,9,3
9725,8,0,9
9726,9,3,0
9728,2,6,4
9731,2,1,8
9732,9,2,7
9733,7,4,2
9735,6,9,1
9736,8,2,3
9737,5,6,6
9739,1,7,4
9741,5,0,0
9745,3,1,0
9747,0,9,3
9748,3,0,0
9749,0,4,3
9754,9,8,2
9755,3,0,1
9757,7,1,6
9758,6,0,3
9759,5,6,9
9760,9,4,0
9761,5,0,9
9762,6,8,8
9763,1,3,3
9764,2,3,4
9766,0,4,7
9768,7,9,6
9769,8,3,3
9770,4,0,3
9771,4,8,2
9773,9,2,0
9777,9,4,7
9778,3,1,6
9782,2,4,9
9783,2,1,8
9784,8,4,4
9788,1,3,7
9789,6,0,5
9793,2,1,8
9796,9,2,0
9797,1,8,7
9798,5,0,2
9799,7,6,2
9800,1,3,3
9801,6,5,8
9802,0,8,4
9803,1,2,4
9804,5,0,1
9806,8,0,3
9807,1,3,3
9808,1,3,3
9810,8,3,1
9811,1,6,3
9813,1,2,7
9814,8,0,3
9816,1,2,4
9818,0,2,3
9820,0,9,5
9821,4,0,5
9822,0,4,3
9825,2,6,3
9826,0,9,7
9828,9,2,0
9829,5,6,9
9830,1,2,7
9831,2,0,3
9833,7,8,6
9834,8,7,9
9835,7,5,1
9836,2,1,0
9837,4,0,9
9841,0,1,3
9842,6,0,7
9845,9,0,0
9846,8,0,2
9848,2,9,3
9851,6,0,8
9852,0,2,9
9853,5,0,6
9854,9,3,2
9855,7,1,2
9857,0,2,3
9858,4,6,9
9860,0,9,9
9861,6,1,5
9867,8,0,3
9868,9,1,2
9869,7,4,2
9870,2,1,6
9871,9,8,3
9873,2,8,3
9874,2,9,9
9875,9,2,0
9876,0,9,9
9878,5,6,6
9880,7,9,1
9881,9,8,0
9882,1,4,0
9883,7,3,6
9885,8,2,4
9886,4,6,5
9887,5,1,6
9888,0,4,2
9889,8,0,3
9890,0,4,2
9892,5,9,2
9893,2,1,3
9894,1,2,3
9895,4,5,3
9896,4,5,9
9897,8,1,3
9898,9,2,2
9899,7,9,2
9900,8,3,0
9901,3,1,9
9903,6,1,9
9905,1,2,2
9906,1,9,3
9907,1,4,9
9908,8,3,7
9909,1,5,4
9910,4,5,2
9911,4,0,3
9912,0,4,3
9913,7,9,6
9915,2,6,9
9916,1,2,7
9917,2,9,8
9919,4,1,9
9920,6,0,3
9922,5,2,9
9925,4,6,9
9927,9,4,2
9929,8,7,4
9931,0,4,2
9932,8,4,3
9933,7,5,3
9934,4,0,6
9935,1,8,9
9936,8,2,3
9937,4,8,9
9938,9,3,7
9939,5,0,6
9942,7,2,2
9943,7,3,8
9944,7,8,9
9945,7,8,2
9946,0,9,3
9947,3,1,8
9950,3,4,4
9951,0,9,9
9952,5,0,6
9955,8,2,4
9956,0,9,9
9957,0,2,4
9958,9,2,7
9965,2,6,9
9966,6,0,5
9967,3,0,1
9969,6,4,1
9970,2,3,3
9971,9,3,8
9972,4,1,9
9973,0,9,2
9975,7,9,6
9976,5,9,8
9977,5,0,0
9979,3,1,8
9980,0,2,1
9981,4,6,5
9983,0,4,2
9984,7,8,9
9987,0,2,4
9988,8,2,4
9990,7,9,2
9991,0,4,2
9992,3,4,9
9994,3,1,5
9995,8,9,1
9998,1,4,3
9999,7,8,6
