Accuracy on the validation data,0.7892

Number of Type I results,41
Number of Type II results,683
Number of Type III results,1203
Number of Type IV results,5965

Ratio of Type IV results to correct results,0.7558286872782565

Details of Type IV results
Input index,rp,r1,r2
1,8,0,1
3,0,2,2
6,1,6,3
7,6,8,1
8,3,5,2
9,1,8,6
10,0,2,2
11,9,0,1
12,5,3,8
13,7,6,1
14,9,0,6
15,8,6,2
16,5,3,1
17,7,5,1
18,8,7,2
20,7,3,6
22,4,6,5
23,9,0,1
25,2,6,7
27,0,5,2
28,9,0,4
29,6,8,5
30,6,8,4
31,5,6,4
33,5,8,4
34,9,0,1
38,9,0,1
40,4,2,3
44,0,3,4
45,9,0,1
48,7,6,5
50,9,0,4
51,8,7,5
53,3,5,4
54,8,7,2
55,8,3,0
56,7,6,3
60,7,6,5
65,2,8,0
66,1,3,3
67,2,0,1
68,3,6,9
69,7,9,6
70,2,3,5
72,8,7,6
75,2,9,1
77,3,6,4
78,3,6,4
79,8,7,1
80,8,0,2
82,1,3,3
83,7,3,3
84,2,3,3
85,5,1,2
86,2,0,4
88,8,6,2
89,9,0,1
91,3,0,1
92,8,0,7
93,6,2,1
96,6,2,4
97,0,3,9
98,0,2,1
99,7,6,6
104,1,3,6
105,1,3,3
109,7,9,5
110,4,3,3
113,2,8,1
114,1,3,3
116,0,2,2
117,4,0,3
118,2,3,5
120,8,7,6
123,2,5,4
124,8,6,2
126,8,9,2
127,3,5,4
128,5,3,4
130,4,6,1
131,1,0,3
132,8,3,2
133,9,0,1
134,1,9,3
135,2,3,3
136,9,0,6
138,2,8,4
141,5,6,3
144,8,7,2
145,7,0,1
146,6,8,1
148,5,6,3
149,2,3,3
150,8,6,5
151,9,3,3
154,0,8,9
156,2,3,5
157,9,0,6
161,1,3,3
163,6,8,1
167,4,6,9
170,9,0,1
172,9,0,1
173,8,0,1
174,9,0,1
175,9,0,4
176,3,6,2
177,7,6,3
178,5,6,4
179,0,6,1
180,0,3,5
181,5,3,1
182,2,3,3
185,8,7,1
186,6,3,4
190,5,9,3
191,8,5,1
192,0,9,2
193,1,0,5
194,7,6,3
196,8,0,1
197,8,7,3
198,7,6,3
199,8,9,1
200,5,9,4
201,1,3,3
202,8,7,6
203,7,3,4
204,1,3,9
206,0,7,2
207,5,9,1
208,7,3,3
209,9,0,1
213,9,0,3
214,8,7,4
215,0,3,5
216,7,3,5
217,9,0,3
218,8,0,1
219,2,4,1
220,7,6,5
222,9,0,1
225,9,0,3
230,5,6,3
231,1,9,3
232,5,3,3
233,8,9,5
234,8,7,6
235,0,2,2
238,5,0,1
239,5,3,4
240,1,3,3
241,1,6,3
242,8,0,1
243,9,0,1
244,0,9,2
246,1,3,3
248,2,7,1
251,3,5,4
252,9,0,1
253,9,6,2
255,0,4,1
256,3,6,4
259,9,6,3
260,8,9,5
265,8,0,0
267,4,6,5
268,7,3,5
270,2,3,1
272,6,8,5
273,3,5,4
274,8,0,0
278,4,6,5
280,9,0,3
285,9,0,1
286,1,0,2
289,9,0,6
291,2,7,1
292,6,8,1
294,3,0,1
295,4,9,1
297,0,2,1
298,0,2,1
303,2,0,6
304,6,7,4
307,2,7,1
310,8,7,2
313,0,1,1
314,4,9,9
315,0,9,4
317,7,6,1
318,5,9,1
322,2,9,4
325,1,6,3
326,7,6,9
327,5,3,3
328,4,6,5
330,1,3,3
331,9,3,3
333,6,8,1
335,9,6,2
336,3,6,4
337,8,6,6
339,7,3,5
340,2,6,3
342,2,3,1
345,5,6,4
347,6,8,2
349,9,6,1
350,9,0,6
351,1,3,6
353,2,3,3
357,2,9,4
358,8,7,1
359,0,7,4
360,9,6,6
361,5,6,3
363,1,0,3
364,9,0,1
365,4,2,2
369,1,0,9
370,4,0,1
371,7,3,2
372,9,0,3
373,4,0,5
374,2,5,1
375,7,3,3
377,7,0,9
379,6,3,2
381,9,6,6
382,0,2,2
385,8,7,1
386,7,3,3
388,2,3,1
389,5,6,4
391,2,0,4
392,6,3,5
393,2,6,1
394,9,6,6
396,2,9,4
397,3,9,5
400,9,0,6
402,7,6,5
403,8,0,1
404,8,6,6
408,8,7,6
409,2,3,1
410,7,3,3
411,9,0,5
414,1,9,3
415,9,0,6
417,7,5,3
420,4,6,5
421,5,9,3
422,0,2,2
424,2,3,4
425,9,0,6
426,3,6,6
431,5,6,3
432,3,6,8
435,7,3,5
438,3,5,4
440,1,3,3
442,9,0,1
443,9,0,2
444,5,6,4
445,7,1,4
447,0,9,2
448,2,3,1
449,2,3,5
451,9,0,3
452,7,6,3
453,3,6,1
454,9,0,1
455,4,6,2
457,5,9,2
460,5,7,1
462,1,3,4
465,4,6,2
468,7,6,3
469,8,7,1
471,7,0,2
472,8,7,6
473,0,2,5
474,5,3,3
477,0,7,2
478,5,1,1
479,4,6,2
480,8,0,6
482,8,9,6
483,5,9,6
484,5,3,4
485,9,0,2
486,9,6,1
487,9,0,1
488,5,6,3
489,0,1,2
491,0,9,2
492,8,3,2
493,1,3,3
495,8,6,6
496,0,9,1
497,2,5,1
498,2,9,1
500,4,6,5
503,4,0,9
504,9,0,1
505,4,6,5
506,7,6,4
507,9,6,4
508,9,3,1
509,4,6,5
510,5,9,4
511,6,8,5
513,1,3,3
514,5,6,3
515,3,0,1
516,8,7,2
517,9,6,1
519,8,3,5
520,5,9,3
521,7,0,6
522,0,2,6
523,7,6,2
524,0,2,6
525,5,9,9
530,9,6,6
532,9,0,1
533,5,9,3
540,1,0,6
541,7,6,5
542,6,8,1
543,7,6,1
544,5,9,3
545,9,6,1
547,6,8,4
548,2,3,1
549,5,6,1
552,8,6,2
554,9,0,6
555,4,6,2
557,4,6,9
558,3,6,4
560,0,2,6
561,7,6,9
562,6,8,1
563,2,6,3
564,2,3,1
566,9,2,1
568,9,6,6
569,2,0,5
570,6,8,1
571,7,6,3
573,3,9,1
574,6,8,1
575,6,8,5
576,8,0,6
577,9,0,1
578,7,6,5
581,0,8,4
583,4,6,5
585,9,0,6
586,3,6,5
587,4,0,2
589,9,0,6
591,9,0,6
592,2,3,1
594,1,3,3
599,3,6,4
600,8,6,6
602,0,6,8
603,2,7,4
604,1,3,3
605,6,8,1
608,3,6,4
609,9,0,1
611,9,3,1
612,8,6,6
613,8,7,1
615,8,9,6
619,1,3,3
620,7,2,5
621,7,0,3
622,1,3,3
623,2,4,3
624,7,6,5
625,9,6,6
626,9,0,1
627,4,2,5
628,4,6,3
629,1,9,7
631,5,3,4
634,7,6,5
635,6,2,1
636,8,6,6
638,0,3,6
639,5,6,3
641,3,6,2
643,7,6,1
644,9,0,4
645,1,3,3
648,4,6,5
649,5,3,3
650,3,6,4
651,9,3,6
652,5,3,4
653,6,3,5
656,1,0,3
657,1,6,3
658,4,6,1
659,1,0,3
660,9,5,1
662,7,6,3
663,6,0,4
664,3,6,4
666,9,0,1
667,0,2,2
668,1,6,3
670,6,8,5
673,3,6,4
674,2,0,4
677,1,8,2
680,9,3,3
682,4,7,9
684,9,6,3
686,9,0,6
689,0,3,4
690,3,6,4
691,2,3,5
692,2,3,3
693,7,6,3
694,8,6,6
695,3,6,1
696,8,7,6
697,2,0,1
698,7,6,5
699,5,6,3
700,7,6,3
701,2,3,4
702,4,6,5
703,8,9,6
706,2,3,1
708,8,3,1
712,8,6,5
713,7,0,3
716,3,6,9
717,8,3,6
721,8,0,6
722,8,7,1
724,8,5,1
726,1,3,3
728,6,8,1
730,4,3,3
731,2,0,1
732,7,3,3
733,9,0,6
737,4,8,2
738,1,0,3
741,7,6,5
745,7,6,5
746,6,8,5
747,6,8,5
748,2,3,4
750,9,0,1
752,9,6,1
753,1,0,3
754,2,9,3
756,6,8,5
757,8,9,2
758,2,7,1
762,6,8,9
764,1,3,3
765,2,9,3
768,5,0,3
769,4,2,3
772,6,2,7
773,4,6,5
774,0,9,2
778,0,2,4
779,5,8,3
780,9,0,1
781,1,9,3
782,7,6,5
784,7,6,2
786,3,6,4
787,9,0,6
791,0,8,1
795,7,9,9
797,4,6,1
798,7,3,5
799,2,7,6
800,7,3,3
803,7,6,3
805,4,8,1
806,8,6,4
807,4,6,9
808,7,1,3
809,7,0,6
812,7,6,5
813,2,7,1
816,9,0,3
821,2,7,1
824,7,6,5
825,3,5,2
826,7,0,5
828,5,9,1
829,3,8,2
832,2,3,1
835,4,6,9
836,1,0,3
837,2,4,4
838,9,3,1
839,2,3,1
840,7,3,3
841,0,2,1
842,7,3,3
844,1,3,9
846,2,0,5
847,0,2,4
848,2,8,1
851,9,6,1
852,8,7,2
854,0,2,5
855,7,0,6
856,7,3,4
858,7,6,5
859,8,6,2
860,4,6,5
861,6,8,5
862,3,6,8
863,3,5,4
864,0,2,1
865,1,3,3
867,7,6,1
869,1,0,3
870,3,1,5
871,1,3,3
872,4,3,3
873,2,5,1
874,3,6,4
875,8,6,7
876,4,5,5
877,2,3,4
879,7,3,3
880,8,7,2
884,9,7,6
885,0,6,2
890,4,6,8
892,7,3,3
895,1,3,3
896,3,6,1
897,7,6,5
899,5,9,3
901,6,8,4
904,8,7,1
906,1,0,6
908,8,7,2
909,8,6,2
910,5,6,1
911,3,6,4
915,1,3,4
917,8,7,5
918,8,7,2
919,0,2,1
920,6,2,5
921,9,0,3
922,9,0,1
924,5,3,3
929,0,2,1
931,2,0,1
932,3,6,4
934,7,3,5
935,2,3,6
936,2,0,1
937,5,9,3
938,9,0,3
940,9,3,1
942,7,6,3
943,4,1,9
944,0,2,1
946,0,5,6
947,1,0,3
948,3,0,5
949,8,6,4
950,3,6,1
951,9,0,1
954,4,6,5
958,7,3,1
959,8,7,6
966,6,3,5
967,9,0,6
968,1,3,9
969,9,0,6
970,9,0,1
971,4,2,5
973,1,3,3
975,0,2,2
978,1,3,5
979,9,6,1
980,2,3,4
981,9,3,3
984,7,0,5
987,1,3,3
988,2,3,1
989,0,9,2
990,1,0,9
996,8,9,1
997,1,0,3
998,3,6,4
999,8,7,6
1002,8,9,2
1003,4,8,1
1004,8,9,2
1005,1,3,3
1006,1,6,3
1008,9,6,3
1010,0,2,2
1011,8,7,2
1012,6,8,3
1014,3,6,4
1015,4,6,9
1016,1,3,2
1018,0,3,2
1020,1,3,3
1022,0,8,1
1025,5,6,3
1027,0,2,1
1030,3,5,1
1031,3,6,5
1033,3,6,5
1036,0,6,1
1038,2,7,1
1039,2,0,4
1041,5,9,3
1044,8,7,6
1046,2,3,4
1048,1,3,3
1053,3,6,1
1054,1,0,3
1055,5,1,4
1056,3,0,2
1058,6,2,2
1059,8,7,2
1060,9,0,1
1061,1,3,2
1063,4,6,2
1064,9,6,3
1066,9,6,3
1067,0,2,6
1068,9,6,1
1070,3,0,1
1073,7,3,3
1074,3,5,1
1075,8,7,2
1076,0,6,2
1077,0,2,2
1078,0,2,1
1079,6,8,1
1081,6,8,1
1082,9,6,3
1083,2,9,4
1085,4,3,2
1089,6,8,5
1090,0,2,1
1091,8,7,2
1094,6,8,7
1095,2,8,4
1096,7,3,5
1097,5,9,3
1098,1,6,3
1099,2,7,4
1101,8,7,6
1102,8,7,6
1103,0,3,2
1104,9,0,6
1106,9,3,1
1107,7,9,5
1108,2,1,6
1110,2,7,4
1111,8,9,6
1113,8,6,2
1114,9,0,6
1115,1,3,6
1119,7,6,3
1120,5,7,3
1121,3,6,1
1122,8,7,0
1123,3,6,5
1127,8,7,2
1129,3,0,1
1132,2,0,6
1133,4,2,5
1134,1,6,2
1135,6,8,1
1136,9,6,3
1137,0,3,2
1138,5,6,1
1139,8,7,2
1141,1,3,5
1142,8,7,6
1143,6,2,1
1146,2,4,4
1148,2,8,1
1149,7,6,3
1151,2,3,1
1153,8,3,6
1154,6,8,1
1157,7,3,5
1158,1,3,3
1159,8,7,6
1162,7,6,6
1163,3,0,1
1164,8,7,2
1165,0,6,2
1166,3,9,4
1168,3,9,4
1169,7,3,3
1170,7,9,2
1171,9,6,1
1173,3,0,2
1174,1,3,6
1175,9,8,2
1176,1,0,3
1180,3,9,4
1182,1,3,3
1185,1,3,2
1187,1,0,3
1188,0,2,4
1190,1,3,3
1191,1,0,9
1192,6,8,4
1196,2,0,4
1198,7,6,5
1202,2,6,1
1204,6,8,4
1208,3,0,1
1209,7,6,3
1212,1,6,9
1213,8,6,1
1214,5,0,3
1215,7,3,5
1216,8,0,6
1220,9,0,1
1221,9,0,6
1222,9,0,6
1223,8,6,5
1225,6,8,4
1227,3,6,8
1229,1,3,3
1230,5,3,4
1231,9,6,1
1232,1,9,5
1233,4,6,1
1235,5,6,3
1241,0,3,1
1243,8,0,6
1245,6,9,1
1246,7,6,1
1248,2,9,9
1249,4,3,2
1250,7,9,3
1251,2,0,3
1252,5,9,3
1253,8,6,6
1254,2,3,1
1255,4,9,3
1257,2,3,4
1258,1,6,7
1260,1,0,3
1264,8,0,1
1267,4,6,2
1271,8,7,6
1272,4,0,8
1273,6,9,1
1274,3,5,4
1276,5,6,1
1278,2,0,1
1279,8,6,1
1280,3,0,4
1281,8,6,2
1282,9,0,6
1286,8,9,1
1287,9,6,6
1291,9,0,1
1293,4,0,1
1294,8,7,1
1295,0,2,2
1298,9,0,1
1302,6,2,4
1303,4,3,1
1309,6,3,1
1311,8,7,2
1312,6,8,5
1313,1,3,3
1317,9,0,1
1318,5,9,1
1319,0,3,4
1321,2,7,1
1324,4,9,5
1326,6,8,9
1330,2,5,3
1331,8,6,6
1332,1,0,6
1336,4,6,5
1341,4,0,5
1342,7,2,5
1343,0,9,1
1344,9,0,3
1347,8,6,2
1348,2,9,3
1349,8,0,6
1352,2,9,0
1354,1,3,4
1357,9,0,6
1358,8,7,6
1359,9,6,1
1360,7,9,3
1361,9,0,1
1366,8,7,2
1367,2,3,1
1368,3,6,4
1370,9,0,4
1371,1,3,3
1373,3,5,4
1374,2,3,5
1375,4,6,1
1376,9,6,3
1379,7,0,5
1381,6,9,5
1383,8,0,2
1384,9,5,6
1385,5,6,3
1386,3,6,4
1387,9,0,1
1392,2,5,1
1393,4,6,5
1395,3,2,4
1396,1,6,5
1397,0,2,2
1398,7,6,1
1401,4,6,5
1402,7,0,1
1404,1,6,3
1405,1,0,9
1406,9,0,1
1407,8,3,1
1408,1,0,3
1409,0,8,1
1410,1,0,9
1411,3,6,2
1413,1,0,5
1414,1,3,2
1415,7,6,3
1417,9,0,6
1418,6,5,5
1419,8,7,6
1421,6,8,1
1422,8,2,2
1424,9,3,1
1425,4,6,1
1426,7,0,6
1427,9,3,2
1428,7,6,3
1429,6,5,1
1430,8,9,6
1432,9,0,1
1433,7,6,5
1434,0,2,7
1437,1,3,6
1441,4,9,2
1443,4,8,5
1444,1,3,3
1445,3,6,4
1446,0,2,1
1447,8,6,6
1449,6,8,1
1450,2,3,1
1452,6,8,1
1453,5,3,3
1454,3,0,8
1457,1,0,3
1459,8,0,2
1461,0,6,1
1462,4,8,9
1463,0,2,3
1465,9,2,1
1466,7,3,5
1468,3,5,4
1469,7,6,5
1471,8,9,2
1472,7,6,6
1473,7,6,5
1475,9,0,1
1477,7,6,3
1480,1,6,5
1481,2,3,6
1482,8,0,4
1484,4,3,1
1486,7,6,1
1488,8,7,2
1489,6,8,9
1493,1,3,4
1494,7,3,3
1496,2,3,1
1502,2,3,4
1503,4,6,3
1504,1,3,2
1505,2,0,3
1508,8,7,1
1509,1,6,5
1510,8,6,2
1511,1,3,3
1512,8,6,2
1515,2,3,3
1516,4,2,8
1517,1,0,3
1520,7,3,4
1521,7,6,5
1522,4,6,5
1523,4,3,9
1526,4,6,9
1528,2,3,1
1530,3,6,1
1531,7,6,1
1532,8,6,6
1533,4,6,1
1534,4,5,5
1537,4,6,3
1539,2,3,4
1541,4,6,1
1546,4,6,2
1547,2,0,1
1553,4,0,9
1554,4,6,5
1555,0,2,5
1558,4,6,5
1559,5,9,1
1560,7,6,5
1563,9,3,1
1566,7,6,5
1567,2,9,3
1569,1,3,5
1570,4,7,5
1571,5,6,1
1575,2,8,1
1579,0,8,6
1582,9,0,1
1583,1,0,3
1584,7,2,5
1585,7,0,3
1587,2,3,1
1591,1,3,3
1594,3,0,2
1596,0,3,3
1597,3,0,1
1599,5,6,9
1600,8,7,1
1601,9,0,6
1603,3,6,2
1608,4,6,9
1610,2,3,1
1611,3,5,4
1612,3,8,8
1614,1,0,3
1615,7,9,3
1616,7,3,5
1617,0,2,6
1619,4,6,2
1624,4,6,2
1625,3,5,1
1627,9,0,6
1628,4,6,1
1629,9,0,1
1630,9,0,1
1634,6,8,1
1635,7,3,1
1637,5,9,1
1639,9,0,1
1642,5,9,3
1643,9,0,1
1644,2,8,1
1646,0,2,1
1647,7,6,5
1648,8,6,2
1652,0,8,1
1653,9,0,1
1654,9,0,1
1655,8,7,2
1656,2,9,5
1659,8,7,1
1660,3,6,8
1661,6,8,5
1664,0,2,7
1668,9,0,1
1670,6,3,5
1671,8,7,6
1672,6,8,5
1673,2,1,1
1674,4,3,1
1675,5,3,3
1676,8,7,2
1677,1,0,3
1678,2,3,1
1679,7,6,5
1681,5,6,3
1682,7,6,3
1686,0,7,4
1689,9,0,6
1691,8,7,1
1692,9,3,1
1694,0,2,4
1695,9,0,6
1696,4,2,6
1697,9,0,6
1698,5,6,1
1699,7,6,6
1700,5,6,4
1701,5,9,1
1702,9,0,1
1703,5,9,3
1705,0,9,3
1707,9,0,6
1709,2,6,7
1711,1,0,2
1712,0,2,2
1713,8,9,6
1714,0,2,2
1716,1,3,9
1717,7,6,5
1719,0,2,1
1720,4,6,2
1722,6,8,5
1725,0,2,1
1726,0,2,5
1727,9,2,3
1729,8,7,6
1730,4,0,9
1733,3,5,0
1734,9,6,3
1735,0,9,2
1736,5,3,1
1737,6,8,1
1738,5,6,4
1740,1,0,3
1741,4,6,3
1744,0,2,6
1745,5,3,3
1747,1,3,2
1748,0,2,2
1749,2,7,9
1750,8,0,1
1751,1,0,3
1752,5,9,4
1753,6,8,7
1754,7,6,3
1755,7,6,5
1756,2,6,4
1758,2,8,4
1762,4,6,5
1763,2,0,8
1765,4,6,5
1767,2,0,8
1768,2,7,6
1770,7,6,5
1771,2,6,4
1773,5,6,3
1775,3,6,1
1776,0,7,2
1777,4,6,5
1778,8,7,6
1783,8,7,6
1784,1,3,3
1785,0,3,1
1786,1,0,3
1789,0,6,6
1790,7,6,5
1791,4,6,5
1792,9,0,1
1793,5,3,3
1794,3,5,9
1797,1,3,9
1798,4,6,7
1800,4,6,7
1801,4,6,5
1802,2,0,4
1805,8,7,6
1806,1,3,3
1808,9,3,3
1809,8,7,2
1810,1,6,9
1811,1,9,6
1814,9,0,3
1815,9,6,1
1816,7,9,1
1817,6,8,4
1818,5,6,3
1820,8,0,1
1824,9,0,1
1825,2,7,1
1826,8,7,1
1828,7,0,3
1829,1,3,9
1831,9,0,3
1833,8,7,2
1834,9,0,1
1836,4,6,9
1839,7,3,3
1840,8,6,6
1842,4,6,5
1843,8,6,6
1844,9,6,6
1845,7,3,3
1846,2,7,4
1848,3,6,8
1849,7,6,9
1851,0,2,2
1853,9,0,1
1855,5,9,3
1857,5,1,3
1858,4,2,5
1859,2,1,1
1860,8,9,1
1863,5,6,1
1864,7,3,1
1870,2,1,4
1871,3,9,5
1872,5,9,1
1874,8,6,6
1876,2,3,1
1877,3,9,4
1878,7,0,2
1879,0,9,3
1881,9,0,6
1882,1,3,3
1885,5,0,1
1888,2,5,9
1889,9,3,1
1891,8,7,6
1893,9,6,1
1894,3,6,4
1895,8,7,1
1896,9,3,1
1897,8,7,6
1899,7,3,5
1900,8,7,6
1901,5,6,3
1902,0,3,1
1903,0,2,4
1904,1,0,3
1906,9,6,4
1907,1,3,6
1908,5,6,3
1909,3,6,1
1911,4,2,1
1913,9,0,3
1914,9,5,4
1915,9,0,1
1916,9,6,5
1918,2,7,5
1919,4,6,5
1920,2,6,4
1922,5,3,3
1925,1,3,3
1926,0,7,1
1927,9,0,3
1928,4,6,5
1929,2,8,4
1930,1,6,3
1931,6,3,7
1942,2,0,4
1944,4,0,8
1946,8,6,0
1949,0,3,6
1950,5,6,3
1951,7,6,3
1955,2,9,3
1956,7,6,3
1958,6,3,9
1959,0,3,2
1960,2,9,1
1961,7,6,1
1964,3,9,4
1965,0,6,6
1966,7,6,5
1967,7,6,5
1970,1,3,9
1971,4,6,5
1972,6,0,7
1973,0,2,3
1974,6,8,4
1976,5,3,3
1978,6,3,1
1980,9,0,1
1981,3,9,2
1984,7,6,3
1985,6,3,5
1987,9,6,1
1990,4,6,1
1991,1,3,3
1995,2,0,1
1997,9,6,1
1999,5,6,3
2000,1,6,5
2004,7,3,3
2006,7,6,5
2008,9,0,1
2009,1,3,3
2014,8,0,2
2015,4,6,5
2017,5,8,3
2019,9,3,1
2020,9,6,6
2021,8,9,2
2022,5,3,1
2023,5,3,3
2025,4,6,9
2027,9,0,3
2028,7,6,6
2030,4,2,5
2031,1,6,5
2033,2,8,4
2039,8,0,7
2040,0,2,1
2041,0,2,2
2042,1,3,3
2043,8,7,2
2044,3,5,4
2045,1,3,9
2048,8,0,1
2057,5,6,1
2062,7,6,3
2063,1,3,3
2064,8,7,6
2068,3,6,1
2069,4,6,5
2070,2,0,1
2071,9,0,1
2074,2,3,1
2075,4,2,8
2076,3,6,7
2079,0,2,5
2081,3,0,4
2082,2,3,1
2084,7,3,2
2085,0,8,4
2086,1,0,5
2087,0,9,4
2089,7,3,3
2090,2,3,9
2093,6,8,5
2094,5,6,4
2095,0,2,2
2098,0,9,4
2099,1,3,3
2100,2,6,1
2101,6,8,5
2102,0,7,1
2103,1,0,3
2104,6,8,4
2105,6,8,1
2106,5,6,3
2107,3,5,4
2109,0,2,2
2111,9,0,3
2112,1,3,3
2113,0,2,1
2115,5,6,4
2116,9,0,1
2117,7,6,3
2118,8,7,1
2119,6,8,7
2121,6,9,1
2122,0,2,1
2123,2,0,1
2124,0,2,2
2125,1,0,4
2126,9,0,1
2132,2,0,1
2133,3,5,1
2134,4,6,2
2135,8,7,6
2137,2,5,4
2140,9,0,3
2141,7,3,5
2143,9,0,1
2146,2,7,4
2147,7,0,9
2148,9,0,3
2150,9,0,3
2152,7,6,5
2153,8,7,2
2154,5,3,1
2156,8,0,6
2157,3,5,4
2158,9,0,6
2160,0,7,1
2161,5,3,8
2163,7,6,1
2164,1,8,4
2167,7,6,3
2170,2,7,1
2174,9,0,3
2177,9,0,1
2178,3,0,1
2179,1,3,3
2180,4,9,2
2183,4,7,5
2184,9,0,1
2188,9,0,1
2189,2,3,1
2191,4,6,3
2194,8,0,6
2196,8,0,6
2198,8,0,1
2201,5,9,3
2202,9,0,1
2203,6,8,4
2204,9,0,8
2205,5,6,1
2206,1,3,3
2207,3,5,4
2208,4,9,5
2209,4,6,2
2211,7,6,5
2212,2,3,4
2215,0,2,1
2217,8,7,2
2218,4,9,9
2219,5,6,4
2221,2,0,4
2222,6,7,5
2223,8,0,2
2224,1,3,3
2225,7,0,2
2227,8,3,5
2228,7,9,5
2229,4,6,2
2230,3,5,4
2231,3,1,4
2234,7,6,6
2235,2,9,7
2236,5,7,3
2237,6,3,7
2238,1,3,3
2239,7,6,5
2241,0,2,4
2242,2,0,1
2243,3,0,4
2244,9,3,3
2247,5,6,3
2249,0,2,1
2252,3,5,1
2254,8,6,0
2255,1,0,2
2256,4,6,5
2257,0,3,1
2258,1,8,3
2259,5,9,3
2260,4,6,5
2261,3,6,4
2262,2,7,1
2263,6,8,5
2264,0,9,1
2265,8,6,0
2268,3,6,1
2269,3,6,4
2272,7,6,3
2273,5,6,1
2274,1,0,3
2275,6,8,9
2276,0,2,1
2277,5,3,4
2278,9,0,6
2279,9,0,1
2280,4,9,0
2281,5,9,3
2282,9,0,3
2284,8,7,2
2287,2,4,4
2289,1,3,3
2290,9,0,3
2296,9,3,6
2297,7,2,6
2298,0,7,5
2301,2,3,1
2302,0,2,1
2303,2,5,3
2305,9,0,4
2306,3,5,7
2307,9,6,4
2308,1,3,3
2309,6,0,4
2311,7,6,5
2312,2,0,4
2314,3,6,4
2315,2,0,1
2316,5,8,0
2317,5,0,1
2318,2,3,1
2319,7,6,3
2323,8,7,6
2326,7,6,6
2328,7,6,5
2329,4,6,5
2330,0,7,1
2332,2,7,1
2333,6,8,4
2334,1,3,6
2335,5,9,3
2336,9,6,1
2337,7,6,5
2338,6,8,1
2339,2,0,4
2340,7,6,3
2342,5,4,3
2344,0,9,1
2346,1,0,6
2347,8,7,6
2348,4,9,2
2349,5,9,1
2351,1,6,6
2353,4,8,5
2354,8,7,6
2355,9,0,3
2356,8,0,6
2359,2,6,1
2362,3,6,8
2365,7,6,1
2366,9,2,3
2367,4,6,3
2370,0,2,4
2371,4,6,2
2372,5,0,1
2373,0,2,1
2374,8,0,2
2378,1,0,5
2380,8,6,6
2382,9,6,3
2383,2,6,0
2385,4,0,2
2387,9,0,6
2388,0,2,1
2390,1,3,4
2391,2,6,0
2393,1,0,5
2394,6,8,5
2395,7,3,5
2398,8,2,2
2399,8,7,6
2401,3,6,8
2402,9,0,1
2404,0,7,3
2406,4,0,3
2407,9,0,6
2408,2,3,4
2409,4,6,3
2410,3,6,2
2411,0,2,1
2412,6,8,5
2417,7,6,1
2418,8,7,6
2419,4,6,3
2421,8,0,2
2422,3,0,4
2423,2,6,1
2424,8,0,2
2427,5,9,1
2430,7,6,1
2433,9,6,6
2434,0,9,1
2435,6,3,5
2437,8,7,1
2438,1,6,3
2439,1,3,9
2440,7,6,3
2443,2,7,4
2445,6,8,1
2446,9,6,6
2448,2,7,3
2456,8,6,5
2460,9,6,8
2461,0,3,1
2462,1,0,5
2463,0,3,1
2465,9,6,1
2466,2,8,4
2467,9,0,1
2468,0,7,3
2469,9,0,1
2470,7,3,4
2471,8,7,6
2472,5,6,4
2474,6,8,4
2476,8,7,6
2479,5,6,4
2481,7,4,4
2483,2,3,4
2484,1,3,3
2487,5,6,4
2488,6,8,1
2489,3,9,4
2490,0,5,1
2493,9,0,3
2496,9,6,3
2498,3,6,1
2502,8,7,2
2503,8,6,2
2504,1,3,3
2505,7,0,5
2507,0,1,9
2509,2,0,4
2510,4,6,7
2512,2,0,1
2513,2,3,1
2514,9,6,1
2515,2,3,6
2517,9,6,6
2518,7,6,3
2519,4,6,3
2520,1,3,3
2523,4,0,5
2527,8,7,6
2528,9,0,5
2529,3,6,4
2530,6,8,1
2531,2,3,1
2534,9,6,2
2536,5,6,3
2537,1,0,4
2538,5,3,4
2539,8,0,2
2540,2,6,1
2541,1,3,9
2544,2,5,7
2545,4,3,5
2546,8,7,6
2550,4,8,5
2551,2,7,4
2552,9,0,1
2553,8,7,6
2554,4,6,6
2555,7,0,4
2557,2,3,1
2558,4,2,2
2559,7,9,1
2560,7,6,1
2561,6,8,1
2562,4,6,9
2564,2,5,3
2566,2,8,1
2567,4,3,3
2569,0,9,1
2572,6,2,5
2573,5,6,3
2575,5,6,4
2576,2,0,1
2577,4,6,5
2582,5,9,3
2583,7,6,3
2584,6,8,1
2587,0,5,1
2588,4,6,2
2591,8,0,6
2593,8,7,6
2595,4,3,2
2596,9,0,6
2598,3,5,4
2601,1,3,3
2603,0,3,1
2604,8,7,6
2607,1,0,3
2608,4,3,1
2610,2,0,7
2611,4,9,9
2614,0,3,1
2615,7,6,1
2616,1,0,9
2618,5,9,4
2619,7,9,6
2620,1,3,3
2621,8,7,2
2622,0,3,1
2624,8,9,1
2625,2,4,1
2626,7,3,3
2627,7,6,4
2628,0,2,5
2631,4,6,2
2634,1,8,3
2638,4,0,5
2639,6,8,1
2640,7,6,5
2641,4,6,9
2642,7,3,1
2643,3,9,5
2648,4,9,3
2649,6,8,1
2652,7,4,3
2653,4,6,3
2654,5,3,4
2655,4,6,5
2656,9,0,1
2657,7,6,6
2658,7,6,5
2659,2,7,1
2663,7,3,3
2664,4,3,9
2665,1,3,2
2667,1,0,3
2668,0,9,1
2670,9,5,1
2674,0,2,6
2676,4,6,1
2677,7,3,5
2678,0,9,4
2679,0,8,3
2680,0,2,2
2681,0,8,1
2682,7,6,5
2684,3,4,2
2685,2,0,3
2686,7,6,1
2687,8,7,2
2691,2,6,1
2692,8,0,1
2693,9,0,1
2694,1,0,3
2699,4,7,5
2705,8,0,4
2706,3,0,4
2707,6,8,2
2709,6,9,4
2710,7,6,5
2711,5,9,1
2712,1,0,3
2713,8,7,2
2715,0,2,4
2717,0,7,1
2720,3,5,1
2723,2,6,1
2725,8,7,4
2726,5,3,4
2727,9,0,6
2732,7,3,6
2733,3,6,1
2734,7,6,6
2735,2,3,4
2736,8,6,6
2738,4,6,5
2739,2,0,4
2740,1,0,9
2741,6,8,4
2742,2,7,3
2743,9,0,1
2744,9,0,1
2745,8,7,6
2746,2,3,5
2747,3,0,8
2749,0,9,1
2750,5,3,3
2751,2,5,1
2753,7,6,1
2754,9,0,1
2756,9,2,3
2757,1,0,3
2758,1,3,3
2759,3,6,1
2760,2,6,4
2761,7,6,3
2763,4,3,9
2771,7,9,3
2772,6,9,1
2774,2,3,3
2778,4,6,2
2781,7,9,5
2783,0,8,2
2784,1,3,3
2785,4,5,1
2786,4,6,5
2787,3,6,2
2789,9,0,1
2790,8,9,6
2791,7,3,3
2792,0,2,1
2793,9,0,1
2796,7,5,1
2799,8,7,6
2800,4,6,5
2801,5,6,1
2805,4,6,9
2807,9,0,1
2808,2,0,1
2810,9,0,1
2811,2,3,1
2813,1,3,3
2815,3,6,5
2816,7,3,3
2817,9,0,6
2822,3,6,4
2823,3,9,5
2824,7,6,5
2826,4,9,3
2828,2,8,4
2830,6,8,1
2831,3,6,1
2833,0,2,4
2839,2,8,1
2841,2,5,6
2842,7,6,1
2848,6,3,7
2849,6,8,3
2850,5,0,3
2851,4,0,5
2852,2,6,4
2853,9,6,4
2856,2,3,1
2857,0,2,1
2858,4,6,5
2860,5,6,1
2862,6,2,4
2863,6,8,1
2866,9,2,1
2868,9,0,3
2872,1,3,9
2873,9,0,6
2874,8,6,6
2876,9,0,1
2878,3,0,5
2881,7,6,5
2882,7,6,5
2883,2,3,1
2885,5,1,1
2887,9,0,1
2890,5,6,3
2892,0,7,6
2898,8,3,1
2899,9,3,1
2901,2,3,5
2902,9,3,1
2903,2,0,4
2904,7,2,3
2905,4,6,3
2907,9,6,3
2908,7,6,6
2909,0,9,1
2913,0,2,2
2915,5,9,4
2916,1,9,4
2917,4,6,5
2918,2,3,0
2919,8,7,6
2920,2,3,3
2921,8,7,2
2924,1,3,3
2926,9,0,1
2928,1,3,3
2929,1,0,2
2931,9,6,1
2932,9,6,1
2933,4,6,1
2935,8,0,2
2936,5,9,3
2937,3,8,4
2938,2,3,9
2939,2,6,4
2941,8,6,1
2943,1,3,5
2944,9,0,1
2945,7,6,1
2946,9,0,1
2947,1,0,3
2949,3,6,4
2950,1,3,3
2951,0,5,6
2952,3,6,2
2954,9,3,3
2955,2,3,3
2957,8,7,6
2961,4,6,5
2963,3,6,1
2965,7,0,6
2967,7,6,5
2971,4,9,5
2972,3,6,1
2973,0,2,1
2974,9,0,1
2975,9,3,3
2979,0,7,2
2980,8,7,1
2982,4,6,9
2984,2,7,4
2991,3,9,5
2992,4,2,2
2993,0,7,1
2994,8,6,6
2996,8,6,5
3000,5,9,2
3001,1,3,3
3002,7,6,6
3003,2,3,1
3004,4,6,5
3006,5,0,3
3007,6,8,1
3009,7,3,1
3010,6,2,4
3016,4,2,2
3018,5,6,4
3019,5,6,4
3020,1,0,3
3021,8,6,6
3022,7,3,5
3024,0,2,4
3027,1,3,5
3028,1,3,5
3030,6,3,5
3033,1,3,3
3034,2,3,1
3035,3,6,4
3036,9,6,8
3037,8,0,1
3038,3,6,4
3039,1,9,6
3042,8,9,5
3044,7,3,4
3045,5,6,3
3046,8,7,1
3047,6,5,3
3049,3,5,4
3055,9,6,3
3056,4,6,5
3057,6,8,1
3058,1,6,3
3060,7,6,4
3061,7,6,3
3062,9,0,6
3066,1,0,3
3069,4,6,5
3070,0,2,1
3071,7,6,3
3072,8,0,4
3074,1,0,3
3077,1,3,3
3078,8,9,2
3079,8,3,1
3081,9,0,4
3082,7,0,5
3084,3,6,4
3085,2,8,4
3086,9,0,4
3087,0,2,6
3090,4,6,5
3091,1,0,4
3096,7,6,3
3098,4,3,1
3099,9,0,1
3100,0,3,1
3101,7,6,1
3103,6,3,1
3108,8,3,0
3109,8,7,6
3114,2,3,4
3116,7,6,5
3119,4,6,9
3120,4,0,5
3121,9,3,1
3122,1,0,8
3123,8,6,6
3124,6,3,7
3126,9,0,3
3127,4,2,5
3128,9,0,6
3129,3,6,4
3132,5,9,1
3133,9,6,4
3134,7,6,5
3135,7,6,1
3136,4,9,5
3137,5,9,4
3138,8,7,2
3140,8,2,5
3141,9,0,4
3142,5,6,3
3143,3,6,5
3144,1,0,3
3145,9,0,0
3147,2,3,4
3149,1,3,3
3151,8,7,1
3152,1,3,3
3153,1,3,3
3154,9,0,2
3155,8,7,2
3156,9,6,1
3157,9,0,1
3159,2,7,6
3161,9,0,3
3162,1,6,6
3163,9,0,6
3165,1,3,6
3166,9,6,6
3167,2,5,1
3169,9,6,6
3172,9,3,1
3173,9,0,1
3174,2,6,9
3175,1,3,3
3176,7,6,5
3178,5,9,3
3179,6,8,1
3181,9,6,1
3182,8,6,5
3184,0,2,6
3187,7,6,5
3188,4,9,1
3189,8,6,2
3190,3,5,5
3191,0,7,2
3194,3,5,1
3196,7,0,3
3197,6,8,7
3199,6,8,4
3200,5,6,3
3201,6,9,4
3203,4,6,5
3205,8,7,6
3206,8,7,1
3207,0,3,4
3208,9,0,1
3210,9,0,6
3213,9,0,1
3215,1,3,3
3217,7,6,5
3219,0,3,6
3221,5,6,3
3222,4,2,5
3223,7,2,3
3226,8,7,1
3227,2,3,9
3228,3,0,4
3229,9,3,7
3231,3,8,8
3232,7,9,1
3233,8,7,2
3234,3,9,4
3235,5,3,9
3239,1,0,3
3241,7,0,5
3242,4,6,5
3243,8,7,2
3244,7,6,3
3245,7,6,1
3249,3,6,4
3252,4,3,9
3255,5,9,3
3257,7,3,6
3259,3,6,4
3260,7,6,5
3262,2,3,6
3263,1,3,6
3265,8,7,2
3267,3,6,4
3268,5,0,3
3273,8,6,5
3277,7,6,5
3278,0,8,3
3279,8,7,2
3280,3,5,4
3282,9,0,1
3284,4,0,5
3285,1,3,3
3286,6,8,1
3287,5,0,1
3288,9,3,6
3289,8,7,6
3291,5,6,3
3292,4,5,5
3294,0,2,4
3295,9,0,4
3296,4,6,5
3298,3,6,4
3300,4,6,5
3303,8,6,1
3304,2,3,4
3305,9,0,4
3307,9,6,6
3308,7,9,5
3310,6,8,9
3311,7,0,3
3313,2,3,1
3314,9,0,1
3315,3,0,1
3316,7,6,5
3317,7,9,6
3318,8,7,6
3322,2,0,4
3323,5,9,3
3324,3,6,2
3326,4,6,3
3327,7,6,5
3328,2,9,4
3329,3,6,1
3330,7,6,8
3332,7,6,2
3333,2,4,3
3335,0,7,8
3337,7,0,1
3344,9,0,4
3345,7,3,5
3347,9,3,3
3348,1,3,3
3350,8,2,2
3351,1,0,3
3353,3,6,9
3354,3,0,1
3356,4,6,5
3358,9,6,1
3360,4,9,9
3361,4,6,3
3362,1,9,3
3363,2,3,3
3364,4,9,8
3365,9,3,4
3366,8,6,2
3368,9,0,1
3369,5,3,1
3370,1,0,5
3371,2,0,4
3372,1,8,3
3376,5,6,3
3377,7,0,5
3378,4,6,9
3380,8,6,6
3383,8,7,6
3384,7,6,1
3385,8,0,6
3389,1,0,3
3391,3,9,1
3393,5,9,4
3394,1,8,9
3395,9,0,1
3397,9,0,1
3399,0,2,1
3401,2,0,7
3403,8,7,6
3405,7,6,5
3407,1,3,3
3408,2,5,5
3409,9,0,1
3410,4,6,5
3412,0,9,4
3413,3,0,8
3418,1,3,3
3419,4,6,5
3420,5,9,4
3422,2,6,1
3423,8,6,0
3425,0,2,2
3426,0,3,4
3427,6,8,1
3428,2,0,1
3430,8,0,2
3431,4,6,7
3432,5,6,3
3434,5,6,3
3435,6,8,1
3438,9,0,1
3441,0,2,1
3442,6,3,4
3445,0,7,4
3449,1,3,3
3453,2,3,1
3454,2,3,4
3455,6,5,4
3456,3,0,4
3457,4,0,3
3458,5,1,3
3460,1,3,3
3462,2,7,1
3463,3,6,5
3464,9,0,6
3466,5,6,3
3467,0,2,6
3468,2,3,1
3469,9,3,1
3473,2,7,1
3474,2,5,6
3475,0,1,4
3476,8,7,6
3477,6,8,1
3478,4,6,9
3481,7,4,3
3482,7,6,3
3484,4,2,3
3485,1,0,2
3486,6,8,4
3488,1,0,3
3492,9,6,1
3493,0,6,1
3498,4,9,8
3499,0,2,2
3500,1,3,9
3504,9,0,1
3506,2,8,5
3508,3,0,5
3511,0,7,1
3512,4,6,2
3513,3,6,5
3515,8,7,6
3516,9,3,3
3518,5,6,1
3520,1,0,3
3521,8,9,1
3522,2,0,4
3525,2,8,1
3526,4,6,5
3527,1,0,9
3532,5,9,3
3533,2,3,3
3535,5,1,3
3537,8,0,1
3538,2,3,3
3539,3,8,1
3540,6,8,4
3541,2,3,1
3542,9,0,3
3544,1,0,3
3546,5,9,3
3547,9,0,1
3549,1,3,8
3551,0,2,1
3552,8,0,5
3553,1,0,2
3554,1,3,0
3555,6,9,4
3558,5,6,3
3562,8,0,1
3566,7,0,1
3569,9,5,6
3570,3,5,5
3572,3,8,4
3573,2,7,4
3575,3,6,4
3576,4,6,1
3577,9,0,2
3578,7,0,3
3579,1,6,5
3580,4,2,3
3581,4,6,5
3584,3,6,5
3585,8,7,6
3586,8,9,6
3587,0,6,3
3590,7,6,5
3592,7,6,5
3593,2,0,4
3594,3,0,1
3595,2,0,3
3597,6,8,4
3598,2,3,1
3599,7,6,1
3602,3,6,4
3604,2,3,4
3605,6,8,5
3606,3,6,2
3608,0,2,8
3609,9,0,1
3611,1,6,3
3612,1,3,6
3613,5,3,3
3619,1,0,3
3620,0,9,2
3623,5,9,4
3625,8,7,2
3626,9,6,6
3627,4,6,3
3630,8,7,6
3632,1,3,3
3633,3,6,1
3635,4,6,1
3637,2,6,1
3638,9,6,1
3640,6,3,4
3641,8,0,2
3643,8,0,6
3644,9,0,3
3646,3,5,1
3648,7,6,5
3649,3,6,4
3650,0,6,2
3651,0,2,4
3652,2,7,5
3653,8,0,1
3655,9,0,3
3656,2,0,4
3657,7,3,1
3659,6,8,4
3660,0,9,1
3661,1,3,3
3663,1,3,3
3664,6,2,5
3665,7,6,3
3667,5,6,3
3668,2,6,5
3670,9,6,1
3672,0,2,3
3674,3,9,1
3675,4,6,1
3676,9,0,1
3677,4,2,3
3678,1,3,3
3680,0,3,2
3681,2,8,9
3684,9,0,1
3685,2,3,3
3686,8,6,7
3687,9,0,1
3689,7,0,2
3692,4,6,5
3694,2,0,4
3695,8,0,1
3698,8,7,6
3699,9,6,1
3700,3,6,5
3702,1,3,9
3703,6,8,4
3709,5,6,1
3710,2,4,1
3712,4,0,0
3715,1,3,9
3718,8,6,2
3720,2,3,4
3722,7,0,5
3723,1,3,3
3726,5,8,3
3727,9,0,1
3729,8,7,2
3730,1,3,3
3731,6,8,2
3732,9,5,1
3735,5,8,3
3737,2,9,3
3738,9,0,1
3739,7,9,3
3740,0,2,1
3742,9,0,1
3743,3,0,4
3744,4,3,3
3745,1,0,9
3747,9,0,1
3748,5,6,1
3749,8,0,6
3750,9,0,6
3751,7,6,3
3752,3,9,2
3756,7,2,6
3758,2,0,4
3760,7,6,5
3762,1,0,3
3763,8,6,6
3764,1,6,3
3766,4,1,2
3767,6,7,9
3768,1,0,3
3769,9,5,6
3770,9,0,1
3772,1,6,3
3774,5,9,1
3775,6,8,1
3776,9,3,0
3777,7,6,3
3779,3,8,9
3781,2,0,1
3782,0,3,4
3783,2,9,1
3784,5,6,3
3786,7,6,5
3788,7,6,5
3791,2,6,3
3792,0,5,7
3793,6,8,4
3794,1,0,3
3795,7,9,5
3796,5,6,1
3800,9,6,6
3802,7,0,3
3805,9,0,1
3807,8,6,2
3808,5,1,4
3809,4,6,5
3813,8,7,2
3817,8,7,6
3818,9,3,1
3822,4,6,3
3823,0,2,6
3824,2,7,5
3826,1,6,5
3829,8,3,5
3831,5,6,3
3833,9,5,6
3834,8,6,1
3835,3,5,1
3836,7,0,3
3837,9,0,1
3838,1,3,4
3841,9,0,1
3842,8,7,2
3843,7,6,5
3844,2,4,3
3845,0,2,2
3846,9,0,1
3847,0,5,1
3848,8,0,6
3850,9,0,1
3852,2,3,5
3853,9,6,6
3854,8,7,2
3855,1,3,3
3856,9,6,1
3858,8,0,6
3859,3,6,5
3861,6,8,5
3862,4,6,5
3864,3,5,1
3865,7,3,3
3866,0,3,1
3870,8,7,2
3873,9,0,1
3875,2,6,3
3876,7,3,1
3877,4,3,5
3878,5,0,4
3879,7,3,6
3881,7,3,3
3884,3,5,4
3886,8,0,1
3890,7,6,3
3891,1,3,5
3892,5,3,1
3893,9,6,3
3894,7,6,5
3895,1,0,8
3896,7,3,3
3897,0,2,4
3898,1,3,3
3901,3,6,1
3902,9,0,3
3903,0,2,1
3904,1,3,3
3905,2,7,3
3907,2,7,1
3908,2,7,1
3911,9,0,3
3912,8,0,9
3913,7,6,3
3915,4,6,3
3916,9,6,6
3919,7,0,3
3921,1,6,3
3922,2,0,4
3923,3,9,2
3925,1,7,3
3926,9,0,4
3927,0,8,2
3930,1,3,2
3932,6,3,7
3934,2,6,4
3935,4,7,5
3938,8,7,6
3939,9,0,3
3943,0,2,5
3944,7,6,5
3945,5,3,3
3946,8,7,1
3947,2,8,4
3948,1,3,3
3949,5,6,3
3950,8,0,7
3955,0,9,1
3957,9,0,2
3958,9,0,1
3959,5,9,2
3960,2,0,3
3961,8,6,6
3965,0,2,4
3967,4,3,5
3968,8,3,9
3970,9,6,6
3971,0,2,4
3972,7,3,3
3973,9,0,6
3974,8,7,2
3975,7,9,6
3976,1,0,3
3978,2,3,1
3979,9,0,6
3982,9,0,4
3983,7,0,3
3985,7,3,5
3986,7,6,5
3987,1,3,3
3989,2,3,4
3990,4,3,9
3991,2,0,4
3992,0,2,4
3995,7,0,3
3996,6,3,5
3997,2,5,5
3998,2,3,4
3999,9,3,1
4007,6,8,1
4009,2,9,1
4010,7,9,1
4013,1,6,3
4014,8,6,6
4015,1,3,3
4017,5,6,1
4018,9,0,4
4019,7,6,3
4020,8,6,2
4021,9,0,1
4025,1,6,2
4026,9,6,1
4028,0,2,2
4030,1,0,9
4031,4,6,5
4032,3,5,4
4034,2,0,6
4035,2,9,8
4038,0,3,6
4039,7,0,3
4040,0,2,2
4041,7,1,5
4043,3,6,4
4044,6,8,4
4045,7,0,5
4047,4,6,9
4049,4,0,2
4051,5,8,1
4053,4,6,5
4055,1,0,9
4057,7,6,3
4058,7,0,5
4059,1,0,3
4061,5,9,3
4063,7,6,3
4064,7,2,5
4065,4,9,5
4068,8,6,2
4070,9,0,1
4071,3,0,1
4073,6,8,1
4074,2,0,1
4075,2,3,1
4076,7,6,9
4078,5,0,3
4080,1,3,3
4082,6,3,5
4084,7,8,5
4086,8,9,2
4087,5,6,3
4089,5,0,9
4091,9,0,1
4092,7,6,3
4093,3,6,5
4095,8,6,1
4098,9,6,3
4100,7,6,3
4102,0,2,4
4103,8,2,2
4104,0,2,4
4105,7,3,3
4108,2,6,4
4109,5,6,4
4110,2,8,4
4113,0,2,1
4114,4,6,5
4115,8,7,6
4116,2,9,1
4117,4,9,5
4120,4,6,2
4122,6,8,4
4123,0,2,2
4124,8,6,1
4126,0,3,9
4127,6,2,2
4128,1,3,3
4129,1,0,5
4130,6,8,1
4131,1,0,2
4132,4,6,5
4133,2,7,0
4134,1,6,4
4136,2,0,4
4141,8,7,5
4142,8,6,1
4143,5,3,3
4144,1,0,3
4145,8,6,2
4146,2,0,4
4148,3,5,5
4149,9,0,6
4150,6,8,1
4151,6,3,4
4153,0,3,5
4154,7,6,5
4156,3,6,4
4157,2,9,1
4158,7,9,5
4159,4,6,9
4160,5,6,3
4162,0,6,6
4164,1,9,3
4165,8,0,2
4167,0,2,1
4168,9,0,3
4169,3,0,8
4172,5,6,3
4174,2,3,4
4176,3,5,1
4179,6,9,1
4180,0,2,2
4182,5,6,3
4183,7,6,5
4184,4,8,9
4185,7,4,3
4186,7,0,3
4187,0,2,5
4188,6,8,5
4191,9,0,1
4192,0,2,1
4193,9,3,6
4195,3,5,4
4196,8,6,2
4199,8,7,2
4201,1,3,3
4202,0,3,1
4206,1,0,2
4207,1,6,3
4208,2,3,1
4211,4,6,5
4212,1,9,3
4213,4,6,5
4214,7,2,3
4217,0,2,5
4218,9,0,1
4219,0,3,1
4220,4,8,1
4221,2,0,4
4222,8,9,6
4224,5,6,3
4225,5,8,9
4226,0,2,2
4228,0,2,4
4229,8,6,2
4230,6,8,4
4231,2,7,4
4232,5,9,1
4233,9,6,3
4234,2,7,1
4235,9,0,1
4236,1,0,3
4237,1,0,4
4238,5,3,3
4239,4,0,3
4240,7,0,5
4241,5,6,3
4242,8,9,2
4243,6,8,5
4247,5,3,3
4249,4,6,3
4252,9,6,6
4253,9,0,1
4254,8,7,2
4255,9,6,4
4256,8,7,0
4257,6,8,4
4258,8,3,1
4259,5,6,3
4260,8,7,2
4261,9,0,1
4262,4,7,5
4263,6,8,1
4265,6,3,1
4267,7,6,4
4268,4,6,5
4269,0,2,4
4270,0,6,5
4272,7,6,1
4275,5,9,1
4278,1,3,3
4279,6,5,5
4284,9,0,1
4285,1,9,6
4286,2,3,5
4288,1,3,3
4289,7,0,5
4290,2,3,9
4291,6,3,5
4292,1,3,3
4293,9,5,2
4296,8,7,6
4297,9,0,3
4298,9,6,4
4303,5,6,1
4305,0,2,5
4308,0,2,2
4310,4,6,1
4311,7,6,5
4316,8,2,6
4317,8,7,2
4319,2,0,4
4321,5,6,3
4322,4,6,5
4323,5,6,3
4324,9,0,1
4325,6,8,5
4326,7,6,5
4328,0,2,4
4330,9,0,6
4333,7,5,4
4334,3,6,4
4335,9,0,1
4336,9,0,3
4338,9,0,6
4339,7,3,3
4340,0,2,4
4341,1,0,9
4342,3,5,1
4343,5,6,3
4344,4,2,5
4347,8,0,2
4349,0,9,2
4350,4,6,5
4351,8,7,2
4353,6,0,2
4356,0,2,1
4357,4,2,7
4359,2,3,1
4361,8,6,2
4362,4,9,2
4363,9,0,1
4364,9,6,2
4365,9,0,6
4366,2,8,5
4367,0,3,1
4369,2,9,3
4371,1,3,3
4372,1,3,3
4373,0,8,6
4374,0,2,1
4377,4,3,7
4378,1,3,6
4380,9,0,1
4381,7,3,5
4382,7,6,1
4384,6,8,1
4385,8,0,6
4389,8,6,6
4395,7,3,3
4396,9,6,6
4397,8,7,5
4399,4,6,5
4400,3,0,1
4401,1,0,3
4403,8,9,2
4407,3,5,2
4408,0,7,2
4410,9,0,3
4411,5,6,1
4412,7,6,5
4413,6,8,1
4414,2,8,1
4415,0,2,2
4417,9,6,3
4418,9,0,3
4419,0,2,1
4420,5,9,3
4421,2,0,6
4424,1,0,3
4426,0,2,1
4427,2,0,3
4428,8,6,5
4429,2,7,3
4430,1,6,3
4431,1,0,6
4434,2,7,4
4437,1,3,5
4438,2,6,1
4439,9,3,1
4441,1,3,3
4443,4,9,5
4445,9,6,3
4451,2,3,1
4452,2,0,1
4455,8,7,6
4456,7,3,3
4457,3,6,4
4458,3,0,4
4460,9,0,1
4461,0,2,2
4462,2,5,1
4464,3,6,4
4465,6,8,4
4466,1,0,3
4468,9,0,6
4470,0,9,6
4473,4,6,9
4479,7,6,5
4480,9,0,6
4482,6,8,5
4483,2,3,4
4484,4,6,3
4486,8,6,6
4489,7,6,5
4491,2,6,3
4494,8,9,1
4495,3,5,4
4498,8,7,1
4500,3,6,1
4501,5,9,1
4502,7,3,1
4503,7,0,3
4505,4,8,9
4506,1,6,8
4507,5,9,1
4509,7,9,1
4510,0,4,2
4512,8,7,6
4514,9,0,1
4515,0,2,2
4517,8,6,2
4518,9,0,4
4519,6,0,1
4522,2,7,1
4524,4,6,5
4526,3,6,5
4530,5,9,1
4531,1,3,3
4533,8,3,5
4534,2,8,9
4535,2,0,4
4536,9,0,6
4538,7,3,3
4539,8,7,6
4540,9,6,6
4541,2,7,4
4542,3,6,4
4543,1,3,3
4544,7,9,3
4545,3,0,4
4546,2,9,3
4549,1,3,3
4554,4,6,5
4556,2,7,7
4557,0,2,2
4558,0,2,1
4559,3,8,5
4561,3,9,5
4562,4,3,5
4563,7,5,3
4564,4,6,5
4566,8,0,6
4568,8,0,6
4569,9,0,4
4571,4,6,1
4572,2,5,1
4573,4,6,7
4582,8,0,6
4583,7,6,1
4584,4,2,5
4585,8,7,1
4588,9,6,6
4589,3,5,2
4591,0,2,1
4592,7,6,6
4594,1,3,9
4595,9,6,1
4597,9,6,1
4598,1,9,9
4600,4,0,1
4601,2,0,3
4602,1,3,3
4603,6,8,5
4604,4,6,5
4607,1,0,3
4608,4,6,5
4611,1,3,3
4612,7,0,5
4616,4,6,3
4618,3,6,4
4619,9,0,6
4620,7,6,1
4621,8,7,2
4622,2,0,4
4623,5,3,3
4625,4,6,0
4627,4,6,9
4628,5,3,1
4629,7,0,6
4633,1,3,3
4635,7,9,5
4636,8,6,6
4637,3,5,4
4638,6,8,1
4639,0,3,7
4640,2,0,0
4641,5,0,3
4642,2,0,4
4644,7,0,4
4645,4,6,5
4647,1,3,3
4649,8,7,1
4651,8,0,2
4653,2,3,4
4654,7,9,5
4656,9,0,1
4658,1,3,6
4662,6,8,5
4664,7,6,3
4665,3,6,4
4666,0,2,3
4667,0,2,2
4669,6,3,5
4670,8,7,2
4671,6,8,1
4672,6,8,5
4674,3,5,4
4675,4,6,5
4676,7,6,3
4677,4,6,5
4680,9,6,1
4681,9,6,3
4682,3,5,1
4684,1,9,3
4685,4,5,9
4688,7,0,1
4689,1,0,3
4690,2,0,1
4691,2,8,4
4694,7,5,3
4695,8,0,6
4696,5,6,1
4701,0,2,7
4702,6,8,9
4703,4,6,5
4704,9,0,6
4706,2,3,1
4707,7,0,6
4708,3,6,1
4711,9,0,3
4712,4,7,2
4713,1,3,3
4714,6,8,1
4716,9,0,1
4718,3,5,4
4719,9,0,1
4720,8,7,1
4721,1,3,6
4722,6,0,4
4723,9,0,1
4724,5,0,1
4725,9,6,1
4726,0,2,1
4727,9,0,4
4728,7,6,5
4730,2,9,3
4731,4,6,5
4733,6,8,7
4734,4,2,9
4736,1,3,6
4737,9,0,1
4738,5,6,3
4739,6,5,1
4741,1,0,3
4742,8,6,2
4743,6,2,1
4745,7,6,3
4749,2,6,1
4751,6,8,1
4752,1,0,9
4753,2,0,1
4755,1,3,3
4756,6,8,5
4757,4,6,5
4758,9,6,2
4759,0,2,2
4761,9,0,3
4762,1,3,3
4763,0,9,1
4764,5,0,3
4766,1,3,3
4767,6,5,5
4768,9,0,3
4769,8,9,2
4770,9,6,4
4772,6,8,5
4773,1,3,3
4775,2,4,3
4776,3,6,2
4777,5,3,3
4779,9,6,6
4780,0,2,2
4781,7,5,6
4782,2,8,4
4783,4,9,2
4785,3,0,8
4787,8,7,0
4788,6,8,3
4789,9,0,6
4790,1,3,6
4791,9,6,2
4793,6,3,5
4796,9,0,4
4797,5,6,3
4799,1,3,3
4800,9,0,1
4801,2,9,9
4803,7,6,3
4804,3,0,1
4806,1,3,3
4807,8,3,0
4808,3,6,4
4809,0,2,4
4810,5,6,3
4812,8,7,6
4815,9,6,1
4816,6,8,4
4819,5,6,3
4820,3,5,4
4821,4,0,5
4822,1,3,9
4824,0,2,6
4826,3,5,4
4827,9,0,1
4830,3,5,4
4834,4,8,9
4835,9,0,1
4836,9,0,1
4837,7,6,5
4839,7,6,9
4840,0,9,1
4841,1,3,3
4844,5,6,4
4845,3,0,9
4848,1,3,3
4849,5,6,3
4851,9,0,6
4855,1,0,6
4856,7,6,5
4859,6,2,4
4860,5,1,3
4863,1,3,9
4866,9,6,1
4867,9,3,1
4868,0,3,1
4869,8,7,2
4872,9,3,6
4875,1,3,0
4878,7,6,5
4881,8,6,2
4882,6,8,4
4883,2,7,4
4884,4,9,5
4885,2,5,1
4886,3,6,4
4887,5,6,1
4890,1,0,3
4895,1,3,9
4896,7,9,5
4899,2,0,4
4900,3,5,5
4901,0,2,6
4904,9,6,3
4905,7,3,3
4906,5,0,1
4911,8,6,6
4912,1,3,3
4913,1,6,3
4914,3,0,4
4915,5,6,3
4916,6,8,1
4917,5,6,4
4918,3,5,5
4919,8,9,6
4920,7,2,6
4922,0,3,6
4923,7,6,5
4927,1,0,3
4928,9,0,1
4929,9,0,1
4933,3,6,5
4934,5,0,3
4935,5,6,1
4936,3,6,4
4937,0,6,4
4945,9,0,1
4946,4,0,0
4947,5,8,4
4948,1,3,9
4949,1,3,3
4950,2,5,1
4952,9,3,6
4953,0,2,1
4954,1,6,6
4957,4,0,5
4958,4,6,1
4959,7,6,5
4960,4,2,1
4961,8,0,2
4962,3,5,6
4967,7,0,2
4968,0,2,1
4969,1,0,5
4970,2,6,4
4971,9,0,1
4974,7,9,5
4975,3,5,1
4977,9,6,3
4978,1,9,9
4979,9,6,8
4980,1,0,3
4981,1,0,4
4983,6,2,5
4984,7,3,3
4989,6,3,4
4992,1,3,3
4994,7,3,3
4996,3,5,1
4997,3,6,2
4998,5,6,7
4999,1,3,3
5000,7,3,6
5001,6,8,1
5002,8,0,6
5003,4,6,1
5007,3,6,4
5008,4,8,2
5014,7,6,2
5015,2,3,1
5017,7,3,6
5018,4,6,6
5019,1,0,3
5020,8,6,6
5022,2,3,1
5025,5,9,3
5026,4,8,9
5027,0,3,4
5028,9,0,1
5029,3,6,1
5030,4,7,2
5032,2,7,5
5033,3,0,4
5035,5,9,3
5036,0,2,1
5037,0,6,1
5038,4,6,7
5039,6,2,5
5040,3,6,2
5041,9,0,3
5042,2,0,1
5044,5,0,3
5045,7,0,3
5047,5,6,0
5049,7,6,8
5050,3,9,1
5051,1,0,6
5054,9,0,1
5057,2,6,1
5059,4,9,5
5061,1,3,6
5062,5,6,3
5063,9,0,1
5064,5,6,3
5065,0,2,2
5066,4,6,7
5069,9,0,0
5071,1,0,3
5073,8,7,6
5075,6,0,1
5076,5,9,3
5077,0,3,2
5078,8,7,6
5080,7,8,3
5081,5,7,3
5082,6,8,1
5083,9,0,1
5084,3,6,5
5085,2,7,4
5086,3,9,5
5087,9,0,6
5090,1,0,6
5091,0,3,4
5092,9,0,6
5093,0,3,2
5094,9,6,1
5097,7,3,3
5099,2,3,1
5100,3,5,4
5104,8,7,1
5105,7,3,3
5107,9,3,6
5108,1,3,3
5109,9,0,6
5110,8,7,2
5112,5,6,3
5114,7,0,4
5115,5,6,3
5116,6,5,5
5117,7,9,5
5119,5,6,3
5120,9,0,1
5121,6,8,1
5122,6,7,4
5123,7,9,3
5124,0,2,4
5126,0,2,2
5128,3,6,1
5130,5,9,9
5133,2,3,1
5136,9,6,1
5137,9,0,1
5138,8,9,6
5140,8,7,6
5142,8,6,6
5143,9,0,4
5144,0,6,3
5145,4,6,6
5146,0,2,5
5149,6,8,5
5150,4,6,3
5152,9,6,3
5153,7,6,3
5156,5,9,1
5157,6,8,1
5158,4,8,5
5160,0,2,4
5161,3,5,1
5164,0,2,1
5167,2,3,4
5168,7,6,9
5169,2,0,0
5170,9,6,1
5173,0,2,4
5175,6,8,5
5176,3,0,1
5180,9,0,1
5181,1,3,3
5185,3,0,4
5186,5,6,1
5188,8,7,6
5190,0,3,4
5191,3,6,1
5192,9,6,3
5194,7,3,6
5196,2,3,1
5197,8,9,1
5198,3,6,0
5199,6,5,7
5201,1,0,3
5202,9,0,4
5204,3,6,4
5205,8,9,2
5207,8,0,6
5208,4,0,2
5209,7,6,3
5210,5,6,4
5211,7,0,4
5215,2,5,1
5216,6,5,4
5217,1,0,3
5219,2,6,1
5220,0,2,1
5221,7,6,5
5222,5,9,4
5224,0,7,2
5226,1,3,3
5228,3,6,4
5229,5,6,3
5230,8,0,9
5231,4,6,3
5233,1,2,3
5234,7,6,3
5236,0,2,2
5239,4,9,5
5240,1,0,9
5242,0,2,4
5243,1,3,3
5244,2,0,1
5245,1,0,3
5247,7,6,5
5248,9,3,4
5249,8,7,2
5250,7,0,3
5252,4,6,9
5254,9,0,3
5256,0,2,1
5257,8,9,1
5258,2,3,7
5260,0,8,2
5262,4,2,3
5263,8,6,2
5264,6,8,5
5265,2,7,1
5266,4,8,5
5267,6,8,4
5268,3,6,1
5270,1,3,3
5272,3,0,1
5275,2,7,4
5276,9,6,6
5277,8,0,1
5278,0,6,4
5281,3,0,5
5282,4,6,5
5283,4,8,9
5285,1,6,5
5286,6,8,1
5288,4,2,9
5291,9,0,6
5292,4,9,3
5294,8,0,1
5295,0,2,1
5299,7,3,5
5300,9,0,1
5301,7,0,3
5304,7,9,5
5307,1,6,3
5308,9,0,3
5309,3,5,1
5311,9,6,1
5312,5,3,3
5315,9,0,6
5316,4,6,5
5317,4,6,5
5318,1,3,2
5319,7,6,1
5321,1,6,9
5322,4,6,5
5325,8,6,2
5326,7,6,1
5328,0,6,1
5331,2,0,3
5332,9,3,4
5333,7,6,3
5335,9,0,6
5336,3,6,2
5338,8,9,1
5339,0,7,1
5342,8,0,5
5343,3,0,5
5344,2,8,3
5345,4,6,5
5346,7,9,2
5347,1,3,3
5348,1,3,3
5350,9,0,1
5351,7,6,3
5352,5,9,4
5354,0,9,2
5358,1,0,6
5359,6,8,5
5360,9,6,3
5362,2,6,4
5363,7,6,3
5364,7,0,3
5365,8,7,1
5367,0,2,1
5368,3,0,4
5370,6,5,1
5371,7,6,3
5373,2,9,4
5376,5,9,3
5378,1,0,3
5380,1,3,3
5381,3,6,4
5382,0,2,2
5383,8,6,1
5385,2,5,0
5390,1,3,5
5391,9,6,4
5395,0,3,1
5396,1,0,7
5397,9,0,8
5400,9,0,1
5403,7,6,5
5406,7,4,1
5408,9,0,1
5414,4,6,2
5415,4,6,5
5417,4,6,1
5419,2,0,5
5420,6,3,1
5422,1,6,3
5427,8,7,6
5429,6,8,1
5430,7,6,3
5431,1,3,3
5432,9,0,6
5436,6,8,4
5438,7,6,5
5439,1,3,3
5440,9,0,6
5442,2,3,1
5447,5,6,3
5448,9,0,3
5452,0,2,4
5453,2,3,1
5454,0,2,2
5457,8,7,2
5461,0,9,4
5463,5,6,4
5465,7,6,3
5466,8,7,6
5469,5,6,4
5471,6,8,1
5475,0,2,2
5476,6,8,4
5477,2,9,1
5478,3,6,1
5479,2,6,9
5482,5,6,3
5483,1,3,3
5484,9,6,1
5485,8,7,1
5488,9,5,1
5489,7,1,3
5490,3,6,4
5491,0,2,1
5493,3,6,4
5494,9,0,1
5495,4,6,3
5498,9,3,1
5500,8,6,2
5503,8,9,1
5504,5,6,3
5505,4,6,2
5509,7,0,3
5512,9,0,3
5513,6,8,7
5515,4,2,7
5519,6,3,4
5520,4,6,7
5521,9,3,3
5522,2,3,1
5526,8,9,6
5527,7,2,6
5530,3,9,4
5531,8,7,2
5533,2,3,4
5535,3,5,2
5538,7,0,3
5540,5,6,3
5541,7,6,5
5542,9,2,6
5543,0,2,2
5545,6,5,5
5546,7,6,3
5550,5,6,1
5551,7,0,3
5554,9,6,6
5556,6,3,1
5557,4,9,5
5558,7,9,1
5561,6,8,4
5562,4,9,3
5563,1,6,4
5564,6,3,1
5565,3,6,5
5566,1,3,3
5568,7,6,3
5569,0,3,4
5572,1,9,3
5574,7,6,3
5575,3,5,4
5577,2,0,9
5579,9,6,3
5583,0,2,1
5584,0,2,6
5585,0,3,3
5586,8,7,1
5587,0,2,1
5588,3,6,9
5589,2,3,4
5592,3,6,4
5593,7,6,3
5594,9,0,6
5595,6,8,5
5596,9,0,6
5597,3,9,6
5598,1,0,6
5599,2,3,1
5600,6,2,4
5601,7,6,3
5602,4,6,3
5603,5,3,9
5604,1,3,3
5606,7,9,3
5608,9,0,1
5610,8,0,7
5613,5,6,3
5614,8,3,1
5615,5,6,1
5619,8,7,6
5622,1,6,5
5623,8,7,1
5624,1,0,3
5625,5,6,3
5626,0,4,3
5627,9,6,6
5630,3,9,4
5631,6,8,1
5635,7,4,5
5636,4,6,5
5637,7,3,4
5638,4,9,2
5643,5,6,2
5644,7,0,1
5646,4,0,2
5647,5,6,3
5648,8,7,5
5651,4,7,9
5652,0,2,2
5653,5,9,1
5654,4,6,3
5656,3,9,1
5657,2,3,1
5658,4,8,5
5659,2,6,4
5660,9,6,4
5661,4,6,9
5668,7,6,5
5670,4,6,5
5671,3,0,4
5672,8,7,2
5673,5,6,3
5674,9,6,6
5675,7,0,1
5679,0,3,2
5680,2,3,4
5682,5,3,3
5683,6,8,5
5684,7,6,9
5687,2,9,4
5688,8,7,2
5689,3,5,1
5690,7,6,3
5691,2,3,6
5692,5,6,3
5693,7,6,8
5694,5,3,4
5695,7,4,5
5696,7,6,3
5697,1,3,3
5698,7,3,1
5699,4,6,5
5701,3,6,4
5702,4,6,5
5705,2,3,1
5706,7,6,5
5707,0,7,5
5708,2,9,3
5712,2,0,1
5713,5,9,3
5716,0,9,2
5717,6,8,1
5718,1,6,8
5719,2,6,1
5720,9,0,3
5722,0,2,2
5723,1,0,3
5726,1,3,9
5728,7,0,5
5729,8,6,2
5732,3,6,6
5734,6,8,5
5736,9,0,3
5737,9,0,3
5739,2,8,4
5741,1,3,3
5744,2,3,6
5746,7,3,3
5748,8,6,2
5752,3,6,4
5753,2,3,4
5754,3,6,1
5755,4,6,8
5758,8,7,1
5759,9,6,1
5760,2,0,1
5764,7,3,3
5765,9,0,6
5766,8,7,6
5767,7,0,3
5769,3,5,4
5770,8,7,6
5771,2,0,1
5772,9,0,3
5773,3,6,4
5774,5,1,3
5777,8,7,9
5778,7,6,5
5779,3,6,4
5780,7,9,3
5782,7,6,1
5783,1,3,3
5785,2,3,1
5789,2,9,3
5791,8,7,5
5792,2,0,4
5793,8,0,6
5794,7,3,1
5795,7,6,3
5796,5,6,3
5800,2,6,5
5801,9,0,1
5802,6,8,4
5803,1,6,3
5804,0,3,1
5805,1,3,3
5807,6,8,1
5808,5,9,1
5810,5,3,3
5811,7,9,3
5813,4,7,2
5814,8,0,2
5816,5,3,4
5818,7,3,5
5819,2,3,1
5822,3,8,1
5823,5,1,3
5827,0,2,6
5829,4,6,9
5832,9,0,7
5834,5,1,1
5836,8,7,5
5837,2,7,3
5838,4,0,2
5839,2,6,4
5840,2,3,7
5842,7,0,5
5843,6,8,1
5844,0,3,2
5845,5,9,3
5847,8,9,5
5848,4,3,1
5851,1,8,9
5852,3,6,4
5853,5,3,3
5854,4,9,2
5857,0,2,2
5859,2,0,1
5861,1,0,3
5863,4,3,3
5866,4,6,9
5867,5,6,3
5868,9,0,1
5869,7,6,3
5871,6,9,2
5873,4,6,9
5875,1,0,9
5877,9,0,1
5879,8,0,1
5880,0,2,4
5884,4,6,9
5886,2,3,4
5887,1,3,3
5892,8,7,2
5893,9,3,6
5894,7,6,3
5897,4,6,3
5898,8,6,4
5901,5,6,4
5902,9,0,4
5904,7,0,6
5905,1,3,2
5906,4,6,2
5907,5,9,2
5909,1,0,5
5912,4,6,5
5913,7,6,3
5914,1,6,6
5916,9,0,1
5918,1,3,3
5921,7,9,4
5922,7,6,4
5926,4,2,2
5928,7,6,5
5929,7,6,8
5933,4,6,5
5936,6,8,4
5937,1,3,9
5938,9,3,6
5939,9,5,3
5941,9,0,6
5942,4,6,5
5944,2,3,1
5945,9,0,6
5948,0,2,1
5950,9,0,4
5951,0,2,1
5952,9,0,1
5953,7,3,1
5954,8,7,2
5957,4,6,8
5958,9,0,1
5960,2,3,1
5963,9,6,1
5964,9,6,3
5965,7,6,5
5966,9,0,2
5967,9,6,1
5968,0,5,2
5969,5,1,3
5970,1,0,9
5974,9,0,1
5975,9,6,6
5976,5,6,1
5977,6,8,4
5978,5,6,3
5979,5,8,1
5980,9,0,1
5981,7,6,1
5982,9,6,1
5983,4,6,5
5984,5,9,3
5987,3,0,6
5988,9,0,1
5995,0,3,8
5996,4,5,7
6000,8,0,2
6002,2,3,4
6003,0,2,2
6004,7,3,2
6011,7,5,1
6013,6,2,2
6017,9,0,3
6024,2,6,3
6026,3,0,4
6027,3,6,8
6029,0,3,5
6030,8,0,1
6033,2,3,4
6034,9,0,6
6038,4,7,1
6039,8,9,6
6043,5,9,1
6046,2,3,4
6047,0,2,2
6048,1,3,3
6049,8,7,6
6050,2,0,3
6052,8,7,2
6053,4,7,5
6056,4,3,5
6058,1,3,3
6059,9,0,1
6061,0,6,2
6066,2,8,1
6069,0,2,8
6073,2,3,1
6076,7,0,3
6078,2,3,9
6080,1,6,9
6082,0,2,1
6083,2,5,8
6086,1,3,3
6089,7,6,8
6090,1,0,3
6091,0,2,2
6092,5,9,1
6095,9,0,6
6096,2,7,1
6098,6,8,5
6099,7,3,4
6100,1,6,3
6101,9,3,3
6104,1,3,3
6105,0,2,2
6106,2,3,3
6107,9,0,6
6108,4,3,2
6109,2,0,4
6110,9,0,6
6112,8,0,1
6113,2,0,3
6114,9,3,1
6115,8,0,6
6117,1,9,3
6118,0,3,2
6119,1,0,3
6120,5,9,3
6122,5,6,4
6123,6,3,1
6125,8,3,6
6126,3,6,4
6128,0,3,5
6129,4,7,2
6130,1,0,6
6131,3,5,1
6132,7,0,3
6133,0,3,6
6135,3,1,1
6137,2,7,4
6139,9,0,1
6140,9,0,3
6141,8,7,2
6143,9,6,1
6147,9,0,1
6148,4,6,3
6150,1,3,3
6152,6,8,1
6153,4,6,3
6154,4,2,1
6155,8,0,6
6156,9,0,6
6157,0,9,1
6159,1,3,3
6160,2,7,1
6163,3,6,9
6166,1,0,3
6167,9,0,3
6168,3,5,1
6169,5,6,3
6171,4,6,9
6172,1,3,5
6175,3,6,4
6176,9,0,1
6178,5,6,1
6181,8,3,1
6182,1,3,3
6183,5,6,3
6186,9,0,3
6187,0,6,3
6188,9,0,6
6190,4,6,6
6193,9,0,4
6194,1,9,3
6195,1,6,6
6198,9,0,1
6199,5,3,3
6200,3,0,1
6201,3,0,4
6205,1,3,3
6207,9,0,1
6208,8,3,6
6209,7,3,5
6214,5,9,3
6215,2,3,3
6216,5,6,4
6217,8,0,1
6219,7,9,3
6220,2,9,4
6222,0,9,2
6223,7,3,5
6224,5,6,3
6229,6,8,5
6230,2,7,4
6231,8,6,2
6232,2,6,4
6233,7,6,8
6234,7,0,5
6236,1,3,3
6238,8,9,0
6240,2,8,4
6241,0,9,7
6243,4,6,5
6244,8,5,6
6245,6,0,7
6246,4,6,5
6247,0,2,1
6248,2,3,6
6249,5,6,3
6250,4,6,5
6252,2,3,3
6253,5,6,4
6254,4,6,5
6255,6,8,5
6256,9,0,8
6259,5,6,3
6260,2,9,1
6262,8,9,1
6263,2,7,4
6265,4,6,3
6269,7,6,5
6273,1,0,9
6274,9,0,1
6275,9,0,1
6276,7,3,3
6277,2,6,4
6279,1,3,3
6283,3,6,4
6285,8,7,2
6286,8,5,2
6288,6,8,1
6289,9,6,7
6290,9,6,7
6291,9,0,1
6293,3,6,1
6294,0,7,4
6295,8,0,6
6296,8,0,1
6298,3,9,5
6301,1,3,4
6303,7,6,6
6307,4,6,2
6309,6,8,4
6312,2,1,1
6313,9,0,1
6314,6,2,1
6315,6,1,1
6316,7,9,5
6318,7,6,3
6320,0,2,1
6323,2,3,1
6324,7,6,3
6325,7,3,5
6327,4,3,9
6331,0,2,1
6332,5,9,1
6335,2,5,6
6336,4,6,2
6337,9,0,1
6338,7,9,3
6340,3,0,6
6341,2,0,5
6342,8,7,2
6343,8,6,2
6344,5,0,3
6345,3,6,4
6346,8,7,2
6349,0,9,2
6352,2,9,4
6353,2,6,0
6354,7,0,3
6355,0,5,1
6356,7,6,1
6357,7,6,1
6358,7,3,4
6359,2,3,5
6360,2,8,4
6362,4,6,5
6363,0,2,6
6365,7,6,3
6366,8,9,9
6368,7,3,3
6369,9,5,6
6372,1,3,3
6374,9,0,6
6375,3,6,4
6376,8,7,1
6378,5,9,4
6379,8,6,4
6380,3,9,1
6381,9,0,3
6384,7,6,5
6385,5,4,3
6387,2,6,3
6388,7,0,1
6391,9,0,6
6393,3,5,4
6395,8,7,6
6398,6,7,4
6402,8,5,5
6403,4,2,1
6404,7,3,3
6407,2,9,1
6409,9,0,7
6410,1,3,3
6411,8,0,6
6413,6,8,4
6414,8,6,2
6415,1,3,2
6416,7,6,5
6417,1,6,4
6418,0,2,2
6420,7,0,4
6424,8,7,1
6425,2,7,1
6426,1,3,9
6427,2,3,1
6428,5,6,4
6429,8,6,4
6430,1,3,9
6432,8,0,1
6433,8,7,4
6435,9,6,1
6437,0,2,4
6438,4,5,1
6440,3,0,8
6441,5,6,4
6442,6,5,4
6447,4,7,3
6448,7,6,5
6449,8,6,2
6450,0,3,5
6451,1,3,9
6456,2,3,1
6457,2,9,1
6458,2,6,4
6459,6,8,1
6460,3,2,4
6461,4,2,0
6462,0,2,1
6463,8,0,1
6464,1,3,3
6465,3,5,4
6467,3,8,1
6468,8,7,6
6469,9,0,6
6471,6,8,3
6473,9,5,4
6474,8,6,5
6475,2,0,4
6476,0,2,2
6477,4,6,1
6478,7,3,3
6482,7,6,5
6484,8,7,6
6485,9,3,3
6486,8,3,6
6487,6,8,5
6488,2,3,6
6489,8,3,6
6492,1,3,3
6494,0,7,4
6498,4,6,5
6499,7,0,1
6500,7,6,1
6501,2,5,4
6502,6,8,4
6504,7,6,8
6505,4,7,2
6508,0,2,2
6509,9,0,1
6511,7,6,6
6512,2,7,0
6513,5,6,3
6515,2,0,4
6516,2,9,3
6518,6,2,7
6519,2,3,4
6521,4,6,5
6524,8,0,1
6525,3,6,1
6528,5,0,1
6530,3,6,4
6531,4,6,1
6532,5,6,1
6534,7,6,3
6535,5,0,1
6536,1,9,9
6537,5,6,2
6539,7,6,3
6540,8,7,1
6541,8,7,6
6542,9,3,6
6544,0,2,2
6546,2,3,1
6548,0,2,1
6550,1,3,3
6551,4,8,5
6553,3,6,1
6554,5,6,1
6557,9,6,1
6558,6,5,1
6560,6,8,1
6561,9,0,3
6563,6,5,5
6565,9,0,6
6566,1,3,5
6567,4,8,2
6568,2,5,9
6569,8,2,2
6570,9,6,3
6571,5,6,3
6573,7,9,3
6575,3,6,4
6577,1,3,3
6579,9,0,1
6582,4,6,2
6583,0,2,1
6584,5,6,1
6585,1,8,3
6587,3,0,2
6588,0,9,4
6589,2,3,1
6591,5,6,4
6592,5,9,3
6593,2,3,5
6595,2,0,3
6600,7,6,5
6601,0,8,4
6602,8,6,1
6603,9,6,1
6604,2,3,1
6608,5,6,3
6609,5,6,3
6612,7,6,3
6615,7,5,3
6616,4,6,5
6617,4,6,5
6618,0,2,2
6620,7,9,3
6623,0,2,1
6624,4,6,7
6625,4,6,5
6626,2,5,1
6630,7,6,2
6632,7,0,1
6634,4,6,3
6636,2,9,1
6637,9,0,8
6639,1,3,9
6641,0,2,8
6642,9,6,6
6643,1,3,3
6649,9,0,1
6650,0,2,3
6652,2,5,1
6659,1,3,3
6661,4,6,5
6663,0,2,1
6665,4,6,3
6666,2,3,4
6667,7,0,3
6668,6,8,1
6670,3,0,0
6671,5,6,3
6672,9,0,1
6673,4,7,7
6675,2,3,1
6678,7,3,3
6683,5,9,1
6684,8,7,2
6685,1,3,9
6686,9,6,2
6689,8,7,9
6690,5,3,9
6691,8,7,5
6695,4,6,2
6696,0,2,4
6699,2,3,4
6700,6,7,1
6701,1,3,3
6707,2,5,1
6708,2,5,4
6711,5,9,3
6712,0,2,5
6713,2,3,3
6714,1,3,3
6716,8,7,0
6718,8,3,6
6719,2,6,4
6720,2,3,1
6721,7,6,3
6722,3,6,4
6724,9,0,1
6725,8,7,6
6727,6,3,1
6730,8,7,2
6732,3,0,5
6733,5,9,3
6734,8,7,2
6735,9,0,1
6737,8,0,6
6738,0,2,4
6739,0,8,1
6740,2,9,1
6742,1,3,5
6744,3,5,4
6745,7,6,2
6749,9,0,3
6751,8,7,2
6752,9,0,6
6754,8,6,2
6755,9,3,3
6757,4,6,1
6758,8,0,2
6761,5,0,3
6764,5,1,7
6765,8,6,1
6767,1,3,9
6768,2,6,4
6769,3,0,4
6770,1,6,3
6771,5,0,1
6773,2,8,1
6777,2,8,7
6778,2,8,4
6780,7,3,1
6784,9,0,3
6788,1,3,3
6789,1,3,3
6793,3,6,4
6794,8,6,2
6795,9,6,8
6796,6,9,1
6797,0,3,6
6800,6,0,4
6801,6,8,1
6803,6,3,4
6804,9,6,2
6805,1,3,9
6806,1,3,3
6807,7,0,5
6808,0,2,1
6810,8,7,6
6811,9,0,6
6812,0,2,4
6813,6,8,5
6815,0,2,2
6816,1,3,3
6817,1,0,5
6818,7,6,5
6819,2,3,1
6820,1,0,3
6828,3,6,1
6829,8,0,2
6831,8,2,2
6832,1,9,6
6833,3,6,5
6834,1,3,6
6835,5,6,4
6837,5,6,3
6838,1,3,3
6839,8,7,1
6840,9,3,1
6841,1,3,3
6842,3,6,5
6844,7,6,5
6846,9,0,3
6849,4,6,2
6851,0,9,1
6852,9,0,6
6855,4,6,2
6857,2,1,5
6858,1,0,3
6859,3,6,9
6862,5,9,4
6866,4,9,5
6873,3,5,5
6875,5,1,3
6877,0,2,1
6878,5,6,2
6880,2,0,4
6881,2,9,1
6882,9,0,2
6886,1,3,3
6887,4,5,5
6889,5,0,3
6890,5,6,1
6891,9,0,6
6893,3,5,1
6894,6,8,4
6895,2,7,7
6896,6,3,5
6898,3,5,4
6899,2,9,1
6900,3,6,5
6902,4,6,5
6903,9,0,6
6904,5,6,3
6905,2,6,4
6909,4,3,5
6910,7,6,5
6911,6,8,1
6914,8,6,1
6917,6,0,4
6918,4,6,5
6919,4,5,7
6923,0,2,6
6924,5,9,1
6925,2,0,9
6926,7,6,3
6927,5,6,1
6928,2,0,4
6931,5,4,4
6932,9,3,1
6934,6,2,1
6935,7,6,5
6937,8,7,1
6938,3,6,1
6939,2,3,1
6940,1,3,3
6943,4,6,9
6944,5,6,3
6947,8,9,2
6950,8,7,1
6951,9,0,4
6955,7,0,3
6957,6,8,4
6960,9,0,6
6963,9,0,6
6966,0,9,4
6967,4,6,5
6971,9,0,1
6972,1,3,3
6974,9,0,6
6977,7,9,3
6978,4,6,3
6980,0,7,1
6982,1,6,2
6984,1,0,3
6987,8,7,6
6989,7,6,3
6990,3,6,5
6991,1,3,3
6995,1,0,0
6996,0,2,1
6998,8,7,2
6999,8,9,2
7001,1,0,9
7003,7,6,5
7005,1,0,3
7006,6,8,2
7007,9,0,1
7008,1,3,6
7010,0,3,5
7011,7,3,5
7012,7,3,3
7013,1,3,9
7016,3,0,1
7017,1,6,7
7018,0,2,2
7019,2,0,1
7020,7,3,5
7022,2,3,4
7023,2,3,1
7026,3,6,4
7028,9,5,3
7031,0,9,1
7033,8,0,6
7034,0,2,1
7038,0,3,2
7039,4,3,5
7042,8,6,1
7045,3,5,4
7047,8,7,1
7048,2,3,4
7049,2,3,1
7050,8,7,6
7051,3,6,4
7052,1,0,3
7053,1,3,3
7054,2,3,4
7055,8,0,1
7056,2,3,6
7058,9,3,6
7062,4,0,5
7063,1,6,9
7065,2,4,3
7067,9,6,6
7069,0,2,1
7070,7,3,5
7071,1,0,4
7072,8,6,5
7073,9,0,1
7075,9,0,6
7076,9,0,1
7077,0,2,2
7078,7,6,2
7081,4,3,9
7084,4,6,9
7085,5,6,4
7086,7,3,3
7087,7,6,5
7088,8,7,2
7089,7,9,5
7091,6,8,1
7092,2,7,1
7095,4,6,5
7096,0,3,1
7101,6,8,5
7102,0,8,5
7103,0,2,1
7104,2,0,3
7105,3,0,4
7108,2,9,1
7109,4,6,8
7110,3,5,1
7113,9,0,3
7114,1,3,6
7115,0,8,2
7116,0,6,1
7120,7,6,2
7121,9,0,6
7122,9,0,1
7123,6,8,7
7125,5,6,4
7127,5,6,2
7132,4,6,5
7133,1,0,6
7135,4,6,9
7140,4,7,5
7144,8,7,2
7145,3,4,4
7146,0,2,3
7147,5,6,3
7148,0,3,5
7151,1,0,3
7153,7,0,6
7154,0,2,2
7155,9,0,4
7156,1,3,3
7157,5,6,1
7158,7,6,5
7159,6,8,7
7160,5,6,4
7161,5,6,1
7162,5,3,3
7164,0,2,2
7165,0,3,2
7166,1,3,3
7167,7,6,1
7169,1,2,3
7170,9,3,3
7171,2,3,4
7175,7,6,5
7184,5,6,1
7185,8,7,2
7187,7,0,6
7188,4,6,1
7190,2,3,4
7191,7,9,5
7192,7,3,3
7193,8,7,1
7194,8,0,1
7195,7,5,3
7196,0,2,1
7200,4,6,2
7204,4,6,3
7206,2,7,4
7207,3,6,4
7209,0,3,1
7211,3,0,1
7212,3,6,5
7215,1,3,3
7216,2,3,1
7217,8,6,1
7218,9,2,1
7220,9,0,1
7221,3,0,4
7222,8,0,2
7225,1,0,3
7226,7,3,4
7227,7,0,4
7229,2,5,3
7232,9,0,1
7233,5,6,3
7234,9,0,1
7235,2,9,4
7237,7,9,5
7238,4,6,1
7239,4,3,9
7240,0,2,2
7241,5,6,4
7244,5,1,1
7247,8,7,6
7249,9,3,6
7250,8,3,6
7251,7,9,5
7252,8,0,1
7254,2,3,4
7255,3,9,4
7256,4,1,9
7260,1,3,3
7262,2,7,1
7263,5,6,1
7264,4,6,5
7265,5,3,1
7269,7,6,3
7270,9,6,1
7273,4,6,5
7275,3,6,4
7276,1,3,6
7278,5,9,3
7280,1,3,5
7281,7,1,0
7286,2,7,4
7288,7,0,4
7290,6,0,1
7291,3,5,4
7292,5,6,3
7293,7,6,1
7294,5,9,9
7295,5,9,4
7297,9,3,1
7298,4,6,9
7303,8,7,6
7304,2,0,1
7305,6,3,5
7306,4,5,1
7307,8,7,2
7308,4,6,5
7309,1,3,9
7312,2,5,3
7313,3,8,4
7315,0,6,4
7316,1,0,9
7317,6,8,1
7319,2,3,1
7321,2,0,1
7322,4,6,5
7323,3,6,4
7326,4,6,5
7327,4,0,5
7329,1,0,5
7330,5,6,1
7331,5,6,1
7332,7,6,3
7333,6,3,1
7334,5,3,4
7335,4,2,5
7336,5,9,1
7338,5,9,3
7339,6,8,5
7340,2,3,3
7341,4,5,5
7342,7,9,4
7343,7,5,3
7344,4,8,5
7345,6,8,7
7346,5,0,3
7347,0,9,2
7348,2,3,4
7349,3,5,1
7352,3,5,4
7353,8,7,2
7354,0,2,1
7355,7,6,3
7356,0,2,5
7358,8,0,2
7361,8,0,2
7363,1,3,3
7368,5,6,3
7369,5,9,3
7371,6,3,7
7372,5,6,1
7373,0,9,1
7374,3,5,4
7376,1,0,3
7377,3,6,5
7379,7,6,3
7380,7,9,3
7382,9,0,1
7385,9,6,1
7386,5,6,3
7387,1,3,6
7388,7,6,5
7391,4,0,9
7392,8,0,2
7394,1,0,3
7396,8,6,1
7399,3,9,1
7400,3,5,4
7402,0,2,1
7404,8,9,1
7405,7,6,3
7407,9,0,6
7409,8,6,2
7412,9,0,1
7413,1,0,5
7417,3,6,2
7418,8,7,1
7421,5,0,8
7424,9,6,1
7425,2,9,3
7426,7,3,5
7427,2,5,4
7429,5,2,1
7431,9,3,6
7432,7,6,5
7434,0,9,4
7435,7,6,3
7438,5,6,4
7440,3,5,4
7441,8,6,2
7442,7,5,1
7445,6,5,1
7448,9,0,6
7450,1,3,5
7452,4,6,5
7454,0,2,1
7457,2,6,5
7459,8,0,2
7460,5,6,4
7461,9,0,1
7462,8,7,2
7463,2,1,3
7464,8,7,2
7465,0,5,6
7467,6,8,5
7468,8,6,2
7469,6,8,5
7470,9,6,6
7473,1,0,5
7474,5,6,3
7475,3,6,4
7478,7,6,3
7480,1,9,5
7481,4,6,5
7482,4,6,5
7483,1,3,3
7484,1,3,5
7485,8,9,6
7486,1,3,3
7487,1,9,5
7488,2,0,1
7492,9,6,1
7493,5,9,3
7494,2,3,4
7495,7,6,5
7497,3,6,1
7499,9,7,3
7501,9,0,3
7502,8,6,2
7503,8,3,6
7505,7,9,1
7506,4,6,5
7508,2,8,4
7512,9,0,1
7514,7,6,3
7515,8,6,2
7516,1,3,3
7517,2,0,4
7518,3,6,9
7520,4,6,5
7521,2,3,4
7522,9,0,1
7523,0,3,6
7525,8,7,6
7526,9,0,4
7527,6,2,5
7528,5,6,1
7529,5,6,6
7530,2,7,4
7533,0,2,4
7535,1,3,3
7536,8,0,2
7537,4,8,5
7540,5,6,3
7542,8,9,1
7543,9,0,6
7544,0,1,2
7546,7,0,3
7547,9,0,1
7550,4,9,5
7555,1,6,9
7557,5,6,3
7560,0,9,1
7562,2,6,7
7563,9,0,1
7564,8,7,2
7565,1,0,3
7566,9,0,3
7567,7,6,4
7570,1,3,9
7571,4,3,1
7572,1,3,3
7574,3,5,1
7575,8,7,1
7576,8,6,2
7577,1,0,3
7578,9,0,3
7581,9,0,1
7583,1,3,3
7584,1,6,3
7586,2,6,9
7587,7,6,6
7591,6,8,5
7592,9,0,6
7594,0,9,1
7595,1,0,5
7597,9,0,4
7603,9,6,1
7604,1,3,4
7606,6,8,2
7608,5,6,3
7609,0,2,3
7612,7,9,1
7613,9,0,3
7614,4,6,9
7615,5,6,4
7616,0,3,2
7618,3,6,4
7621,8,7,7
7622,9,0,3
7623,1,0,3
7625,7,9,4
7629,6,8,2
7630,9,3,6
7631,1,3,3
7633,7,3,1
7634,1,0,3
7635,9,6,3
7636,5,0,1
7637,8,3,2
7639,9,6,1
7640,9,0,6
7642,9,6,4
7643,8,6,6
7645,0,3,6
7646,2,3,4
7649,2,3,1
7650,2,8,1
7651,4,6,2
7652,0,2,4
7654,4,9,3
7655,8,6,5
7656,1,3,3
7659,2,7,3
7661,9,3,1
7662,5,6,1
7663,2,3,4
7664,2,5,1
7665,9,6,6
7668,5,3,3
7670,2,6,4
7672,6,8,7
7673,5,0,1
7674,1,3,6
7676,2,9,8
7677,6,8,7
7681,0,7,6
7682,8,9,2
7683,0,6,5
7688,8,0,4
7693,7,3,3
7694,9,0,1
7695,8,6,2
7696,0,9,1
7697,5,3,4
7698,0,9,2
7699,9,6,6
7701,0,2,1
7704,1,3,3
7705,7,3,3
7706,8,7,1
7707,8,6,5
7708,2,9,4
7709,3,6,5
7710,9,6,6
7713,5,6,1
7714,3,6,6
7715,1,0,3
7716,5,3,1
7717,3,9,4
7718,0,2,4
7721,2,5,5
7725,4,2,5
7728,1,3,3
7729,9,0,1
7730,4,6,5
7731,1,3,6
7733,0,2,2
7734,1,9,4
7738,2,3,3
7739,9,0,1
7741,5,3,3
7742,0,2,6
7745,7,0,4
7747,3,0,2
7748,0,2,2
7749,1,0,3
7751,7,3,3
7752,9,0,1
7753,9,0,6
7754,0,2,4
7755,7,6,5
7756,5,6,8
7758,7,3,1
7759,1,3,3
7762,7,6,5
7767,9,0,1
7768,8,6,6
7770,9,0,1
7772,3,6,4
7773,4,9,5
7774,0,2,2
7775,2,7,1
7776,5,0,3
7779,5,3,3
7781,5,3,1
7782,8,7,2
7786,9,0,4
7787,5,6,3
7788,6,8,5
7793,8,6,2
7796,8,7,6
7798,5,0,3
7799,9,0,1
7800,0,2,1
7801,4,6,9
7803,0,6,1
7804,5,3,3
7805,9,3,3
7806,9,3,3
7807,3,5,1
7808,8,6,6
7809,0,9,5
7810,6,8,1
7812,2,7,3
7814,7,9,1
7817,6,3,1
7818,9,5,2
7819,1,3,3
7823,7,6,6
7824,9,0,7
7825,3,6,1
7828,5,6,3
7831,2,6,4
7833,8,0,2
7834,5,6,3
7836,0,2,1
7837,7,6,3
7838,0,2,6
7840,1,0,3
7841,6,0,4
7843,0,3,5
7844,9,6,3
7845,2,9,4
7850,0,2,1
7854,3,5,1
7856,6,3,1
7858,2,7,1
7859,7,9,1
7860,8,6,1
7862,1,0,8
7864,1,0,6
7868,8,0,6
7872,9,0,6
7876,1,3,3
7878,1,0,3
7879,3,5,1
7882,7,0,5
7883,9,0,6
7884,9,6,3
7886,7,0,5
7887,5,3,1
7888,7,6,5
7889,1,0,3
7891,6,8,1
7894,1,3,9
7895,4,6,8
7898,1,3,3
7899,7,9,1
7901,1,3,3
7902,2,7,5
7903,1,0,9
7904,1,3,6
7906,2,6,4
7907,6,8,4
7908,9,0,1
7911,2,9,4
7912,0,9,3
7914,7,6,5
7915,3,5,4
7917,6,5,1
7920,9,8,1
7923,9,0,3
7926,5,3,1
7927,7,6,1
7928,2,1,3
7931,9,2,1
7932,9,0,3
7935,7,6,3
7936,1,3,5
7937,1,3,3
7938,2,5,1
7939,2,6,4
7941,5,9,4
7943,1,0,3
7946,1,3,3
7949,8,7,4
7950,9,6,6
7951,2,7,4
7953,1,3,9
7954,9,0,1
7955,9,6,3
7957,4,6,5
7960,0,8,2
7963,7,6,5
7964,1,6,3
7965,7,6,6
7966,7,6,3
7971,5,9,3
7973,1,0,3
7974,6,5,1
7975,2,6,3
7977,8,7,6
7978,4,7,5
7979,3,5,4
7980,3,5,1
7981,5,9,3
7982,9,6,4
7985,5,0,1
7986,1,3,3
7987,0,9,4
7988,6,3,1
7990,0,2,1
7991,9,6,1
7993,2,9,4
7995,8,6,6
7996,7,3,3
7997,1,3,3
7998,2,8,4
8000,9,3,1
8001,1,0,3
8002,6,3,5
8004,7,3,4
8005,1,3,9
8006,9,6,3
8007,0,2,1
8008,0,2,1
8010,2,7,4
8011,8,0,5
8012,3,5,4
8014,2,3,9
8015,8,7,1
8016,4,3,9
8017,0,3,1
8019,3,5,4
8021,1,3,3
8022,2,0,3
8026,0,5,5
8027,4,6,9
8029,7,6,5
8030,2,3,1
8031,0,2,1
8032,1,0,3
8033,3,6,4
8034,9,0,1
8035,1,3,6
8039,1,3,3
8040,2,7,1
8044,9,0,4
8045,5,1,3
8049,1,0,3
8050,7,0,2
8051,9,0,1
8052,7,0,5
8053,1,3,3
8054,9,0,1
8055,2,0,4
8056,1,3,3
8057,9,6,1
8059,3,5,4
8062,2,7,1
8063,0,5,4
8064,0,2,2
8065,9,3,1
8066,9,0,6
8068,9,0,1
8072,3,5,4
8073,0,6,2
8076,7,3,3
8077,3,9,4
8078,7,6,1
8083,9,6,3
8084,5,6,4
8085,2,3,4
8088,7,6,3
8089,9,0,1
8091,7,0,5
8094,1,3,9
8095,2,3,9
8096,3,5,4
8097,1,0,3
8099,3,6,4
8101,8,7,6
8103,7,6,5
8104,7,3,5
8106,8,7,6
8107,1,3,9
8111,5,0,4
8112,3,6,1
8114,3,6,4
8116,9,0,1
8117,8,9,2
8118,4,7,1
8119,6,3,5
8120,8,0,2
8121,0,2,3
8123,1,3,3
8124,7,6,5
8125,8,9,6
8127,9,7,6
8129,2,8,4
8131,3,6,4
8132,8,7,2
8133,8,0,7
8134,6,0,4
8139,1,3,6
8141,3,6,4
8143,9,6,6
8144,9,0,1
8145,9,0,1
8148,9,0,1
8149,9,0,3
8151,8,7,2
8153,4,9,5
8154,8,9,4
8155,1,3,3
8157,1,0,3
8159,8,7,9
8160,6,8,1
8161,5,6,4
8163,0,5,1
8164,6,8,1
8172,5,6,3
8175,3,0,2
8176,6,5,1
8178,9,3,1
8182,8,9,6
8184,6,3,5
8185,0,9,1
8186,8,9,2
8188,7,6,3
8190,4,6,2
8192,5,9,1
8193,3,6,4
8194,1,0,3
8195,8,7,5
8201,3,5,4
8203,3,5,4
8204,3,8,4
8205,2,8,4
8206,7,0,3
8207,7,3,3
8208,8,3,7
8210,0,2,2
8213,6,8,1
8214,1,0,3
8215,1,3,3
8217,9,0,3
8218,9,6,6
8221,7,6,1
8224,3,6,4
8227,7,0,5
8228,8,7,6
8231,3,6,1
8232,2,3,3
8233,4,6,3
8234,8,6,6
8235,7,3,6
8239,8,6,5
8242,5,3,1
8243,4,6,5
8244,4,7,3
8246,8,9,1
8247,6,8,7
8249,1,3,3
8252,2,6,1
8254,8,0,1
8255,9,0,1
8256,8,7,2
8257,3,6,1
8260,1,0,3
8262,0,6,3
8264,2,3,4
8266,5,6,3
8268,5,9,9
8269,8,6,2
8270,6,8,7
8274,6,8,5
8275,3,5,6
8278,8,0,1
8280,4,6,5
8283,1,0,3
8284,2,3,4
8285,9,0,3
8287,8,6,6
8288,5,9,3
8289,5,6,3
8290,8,9,1
8291,6,8,1
8292,9,0,1
8293,0,8,3
8294,8,7,2
8296,5,6,4
8297,1,3,3
8299,3,6,4
8300,5,6,1
8301,5,6,1
8302,3,6,4
8303,8,7,2
8306,6,8,1
8307,4,6,5
8310,3,5,1
8311,8,0,4
8316,5,6,4
8319,7,6,4
8320,7,6,3
8323,9,3,7
8325,8,0,6
8328,7,9,1
8330,5,9,3
8331,3,6,4
8332,9,6,1
8333,1,6,9
8334,6,8,2
8336,3,6,4
8337,3,6,5
8339,8,7,6
8341,6,8,2
8343,3,6,4
8344,7,0,5
8345,9,6,1
8347,1,0,3
8348,6,2,1
8349,4,6,7
8350,9,0,3
8352,5,8,4
8354,4,5,5
8355,9,0,1
8358,0,2,4
8359,2,6,1
8362,3,6,6
8370,4,9,9
8371,2,0,4
8372,1,9,9
8373,8,6,5
8374,4,6,5
8375,4,6,5
8376,7,2,2
8377,8,7,0
8378,5,6,4
8379,8,7,6
8382,3,6,1
8383,2,0,4
8384,2,8,1
8386,3,5,2
8387,0,2,2
8390,1,6,3
8391,1,3,9
8393,8,7,2
8394,7,8,5
8395,1,3,3
8398,4,6,9
8399,5,6,3
8402,0,2,2
8403,6,8,4
8405,0,3,4
8406,9,0,1
8407,8,7,6
8408,6,8,5
8409,8,0,5
8411,8,6,2
8413,9,3,6
8414,6,8,4
8418,8,0,0
8419,7,0,4
8420,3,6,7
8421,2,0,4
8422,2,6,6
8426,9,0,1
8429,4,7,5
8430,9,0,1
8433,3,9,4
8434,9,0,1
8438,1,0,5
8439,8,7,2
8441,8,7,2
8445,1,3,5
8447,0,9,1
8449,1,6,2
8450,9,6,1
8452,4,3,5
8453,9,0,6
8454,2,7,3
8456,4,0,5
8458,5,3,1
8459,9,0,1
8460,8,6,2
8461,7,6,3
8462,2,6,3
8464,6,1,5
8465,9,3,3
8466,7,0,3
8467,3,5,8
8472,2,7,3
8473,2,0,6
8475,9,0,1
8477,5,9,4
8478,5,6,3
8479,4,2,6
8481,3,5,4
8482,1,3,3
8483,0,3,2
8485,0,2,4
8488,9,6,3
8493,2,1,9
8494,1,3,6
8496,0,2,4
8497,4,6,9
8498,1,0,3
8499,9,0,6
8500,4,0,2
8501,8,0,1
8502,1,3,3
8503,1,3,6
8506,9,0,6
8507,8,7,1
8508,1,3,3
8509,6,8,5
8511,2,8,4
8512,9,3,6
8513,9,0,1
8515,8,7,6
8516,8,7,7
8517,1,0,4
8519,7,3,5
8520,8,7,1
8522,1,3,3
8524,6,8,4
8527,1,3,5
8528,3,8,1
8530,8,9,6
8531,8,7,2
8535,7,6,1
8536,1,3,3
8537,0,3,4
8538,7,0,6
8548,3,9,1
8551,8,0,1
8552,6,8,2
8554,0,9,1
8556,4,6,9
8557,3,6,4
8558,2,9,1
8560,7,6,3
8561,8,7,1
8564,1,3,6
8567,8,7,1
8568,7,0,6
8570,6,8,1
8571,7,6,3
8572,0,2,2
8574,4,6,5
8575,9,0,6
8579,1,0,9
8581,8,6,2
8582,6,8,5
8583,8,0,6
8585,9,6,1
8588,6,8,4
8590,0,1,1
8592,0,9,2
8593,1,3,3
8594,3,5,4
8595,1,9,9
8600,3,5,4
8602,8,7,1
8603,1,3,3
8605,6,3,5
8607,8,6,2
8608,8,6,1
8610,2,6,4
8611,7,0,5
8614,8,7,6
8615,9,0,3
8622,4,6,2
8624,9,7,3
8626,1,6,4
8628,7,6,3
8629,7,6,3
8630,5,6,4
8631,2,3,4
8632,3,6,5
8635,6,8,4
8636,6,8,9
8637,4,8,9
8639,7,9,5
8640,1,6,9
8641,7,6,1
8643,0,2,1
8646,2,8,3
8647,4,6,5
8649,2,3,1
8650,2,3,5
8651,4,2,1
8652,9,0,1
8654,2,6,4
8656,7,5,5
8657,6,8,1
8658,3,6,2
8659,4,0,5
8660,7,3,3
8662,3,5,4
8663,1,0,3
8664,5,3,4
8665,3,9,4
8667,4,9,3
8669,4,3,5
8672,7,0,1
8673,9,3,3
8674,1,0,9
8675,7,6,3
8676,8,6,2
8678,1,3,9
8680,3,6,1
8681,2,8,4
8683,7,6,3
8684,2,0,1
8685,7,6,5
8686,9,3,1
8688,8,0,1
8689,6,2,4
8693,9,6,3
8695,4,6,5
8696,8,7,0
8697,5,9,1
8701,8,6,1
8704,8,7,6
8705,6,5,5
8707,2,3,9
8709,1,0,3
8710,7,6,5
8713,2,8,1
8714,4,7,3
8715,2,0,4
8717,8,7,2
8718,7,3,3
8719,2,0,1
8722,7,6,4
8724,6,8,1
8725,8,7,2
8726,9,6,1
8727,9,0,3
8729,5,0,1
8731,9,6,6
8732,8,6,9
8733,7,9,5
8734,2,5,1
8736,3,6,4
8737,7,6,5
8738,4,6,3
8739,3,5,1
8740,2,8,1
8742,9,0,3
8744,1,3,3
8747,2,8,5
8748,6,3,1
8750,9,6,3
8754,3,0,2
8756,2,3,1
8758,9,6,6
8759,7,6,1
8760,8,0,1
8761,0,2,2
8762,8,6,2
8763,9,0,1
8764,1,0,9
8766,5,6,2
8767,7,9,3
8769,0,2,2
8772,1,6,3
8779,7,6,1
8782,5,9,3
8786,3,6,4
8789,5,9,1
8793,7,6,5
8796,9,0,4
8797,9,0,3
8800,0,9,2
8805,9,0,6
8808,6,8,5
8812,0,2,1
8813,1,0,3
8814,9,0,6
8816,7,6,9
8820,2,7,4
8821,7,6,4
8824,3,5,4
8826,8,7,2
8827,2,7,4
8829,0,9,4
8830,9,0,1
8831,6,9,5
8834,8,0,1
8835,7,9,5
8837,1,0,3
8839,1,6,9
8843,8,0,5
8844,5,0,3
8845,2,0,1
8847,5,3,3
8848,3,5,4
8849,9,6,3
8853,2,7,1
8855,4,6,6
8856,0,2,1
8858,6,9,3
8859,2,4,4
8860,2,3,5
8861,4,9,1
8862,0,3,5
8864,9,0,1
8865,7,6,5
8866,1,0,3
8867,8,7,0
8868,4,6,3
8870,5,9,3
8871,9,0,2
8874,7,2,1
8875,8,0,4
8877,9,6,1
8878,8,0,6
8879,9,3,1
8880,1,3,3
8882,3,6,5
8883,8,0,6
8885,3,6,4
8887,4,6,2
8888,8,7,2
8889,4,6,5
8890,8,6,6
8891,9,0,1
8892,8,2,6
8894,0,6,6
8896,8,6,6
8900,2,6,3
8902,6,8,1
8903,0,6,1
8904,5,9,3
8905,8,6,2
8907,1,3,3
8908,9,6,1
8909,0,2,1
8910,1,8,9
8911,4,8,5
8914,4,3,5
8915,9,0,1
8917,0,2,1
8921,8,7,1
8922,9,0,4
8923,6,8,4
8924,2,3,3
8925,0,3,2
8926,4,2,9
8927,9,0,1
8929,9,0,1
8931,9,0,1
8933,6,9,4
8935,0,2,8
8936,9,6,6
8937,7,1,3
8941,0,9,1
8945,1,3,5
8946,9,6,3
8947,4,8,1
8948,6,8,4
8949,7,0,3
8950,9,6,4
8951,8,7,6
8953,9,0,6
8959,1,3,6
8960,0,1,4
8968,8,7,4
8969,8,0,2
8970,0,2,1
8974,2,0,1
8980,9,0,6
8982,2,3,1
8987,2,5,1
8988,2,3,4
8989,4,7,5
8990,1,3,3
8994,8,7,6
8995,9,5,4
8997,5,8,4
8998,9,0,1
8999,3,9,1
9001,1,0,5
9004,7,3,3
9005,5,6,3
9006,6,8,4
9007,2,0,7
9010,8,9,1
9013,7,3,3
9014,7,6,3
9015,8,7,1
9016,1,3,3
9018,8,6,2
9019,9,3,1
9020,7,0,3
9021,0,2,5
9023,8,0,5
9025,5,6,9
9026,9,0,6
9028,8,6,6
9031,0,7,8
9032,9,0,1
9037,9,0,1
9038,2,6,9
9040,2,3,1
9042,1,3,4
9043,3,6,1
9044,2,0,4
9045,0,2,6
9046,0,3,4
9047,4,5,2
9052,0,3,2
9053,5,6,3
9057,8,9,5
9060,9,0,1
9061,7,3,1
9062,9,6,6
9064,1,3,9
9066,1,9,5
9067,9,0,3
9069,9,3,3
9071,7,6,4
9072,9,6,4
9074,4,6,5
9075,0,2,2
9077,2,8,1
9079,1,0,3
9080,3,0,4
9083,8,7,7
9084,5,0,1
9085,9,0,1
9089,3,6,4
9090,2,6,1
9091,7,6,5
9092,6,0,5
9094,2,3,6
9096,9,0,3
9098,5,3,1
9099,9,0,6
9100,9,6,6
9101,8,7,6
9102,7,6,3
9103,7,6,5
9104,4,5,2
9105,8,7,6
9108,2,3,1
9109,3,5,4
9111,0,2,2
9112,4,6,5
9113,1,3,3
9114,8,9,2
9115,8,7,2
9116,4,3,9
9118,4,6,2
9119,4,0,1
9120,3,8,1
9121,3,8,4
9122,9,3,6
9123,2,3,4
9124,0,8,2
9126,1,3,4
9127,8,3,2
9129,4,6,1
9130,8,9,5
9133,9,0,2
9134,5,6,1
9135,7,6,5
9137,2,3,5
9138,5,3,3
9139,4,6,1
9140,7,6,8
9141,3,6,4
9142,3,2,4
9147,9,6,1
9153,2,3,1
9154,2,3,4
9157,3,6,4
9158,8,3,6
9159,9,2,6
9163,4,3,2
9164,5,0,4
9165,4,6,8
9167,7,6,3
9168,2,7,1
9171,2,3,3
9174,9,0,4
9175,8,7,1
9176,8,0,6
9177,9,0,4
9178,1,6,3
9179,1,3,3
9181,0,3,2
9182,0,2,4
9183,8,7,2
9184,7,3,5
9185,1,8,3
9186,7,9,5
9188,5,6,1
9191,3,6,5
9192,2,8,4
9193,0,3,4
9196,0,2,2
9197,1,3,3
9198,3,6,4
9199,9,0,6
9200,8,9,6
9201,3,8,4
9202,7,6,5
9203,8,0,6
9205,4,6,5
9207,9,3,6
9208,0,7,5
9210,7,0,3
9211,1,3,3
9214,9,0,4
9219,9,0,3
9221,7,3,6
9222,7,0,3
9224,6,8,2
9226,3,6,4
9230,2,1,4
9233,8,0,1
9234,2,8,1
9236,9,0,6
9238,9,0,6
9239,8,6,6
9240,8,3,6
9242,7,0,3
9243,3,5,4
9244,7,6,1
9245,1,3,3
9246,3,0,1
9247,9,0,1
9249,9,0,1
9251,6,8,5
9252,7,6,9
9255,3,6,4
9256,0,2,1
9257,5,6,4
9259,7,6,5
9260,5,6,3
9264,5,6,1
9265,1,0,3
9266,8,7,1
9268,7,6,1
9270,9,6,1
9271,0,2,4
9272,0,2,1
9273,0,3,3
9275,8,0,1
9276,7,3,3
9278,7,3,2
9279,8,7,6
9280,9,6,6
9282,7,3,8
9283,9,0,1
9284,7,0,6
9285,8,0,6
9286,7,9,3
9287,9,0,3
9293,7,3,3
9295,3,6,4
9296,8,7,4
9297,2,9,7
9298,1,6,3
9299,9,0,1
9306,8,7,5
9307,7,6,8
9308,3,5,0
9309,5,6,4
9311,5,6,3
9312,9,0,1
9314,6,8,5
9316,3,5,4
9319,3,5,1
9320,9,6,3
9322,2,3,3
9323,1,3,9
9324,9,5,3
9326,0,2,1
9329,7,6,9
9330,4,6,9
9331,7,5,1
9332,9,0,1
9333,0,2,1
9335,4,6,7
9337,5,6,8
9338,3,6,1
9340,1,3,3
9343,8,6,6
9344,2,9,5
9347,8,7,2
9348,5,6,3
9350,6,8,1
9352,1,6,2
9353,5,6,2
9356,0,9,1
9357,9,0,1
9358,2,3,1
9359,6,2,1
9362,9,0,3
9364,5,6,9
9367,9,0,1
9368,1,6,3
9370,8,7,2
9371,8,3,6
9372,7,6,3
9373,1,3,6
9374,7,9,1
9377,4,6,1
9378,9,6,3
9379,7,3,3
9381,2,8,5
9382,9,6,1
9383,9,0,3
9384,4,6,2
9387,1,3,3
9388,3,6,4
9389,8,9,1
9390,7,6,4
9391,9,0,6
9392,0,3,5
9393,4,6,5
9395,7,6,3
9396,5,1,1
9397,2,8,1
9398,8,9,1
9399,7,6,5
9400,6,8,7
9401,9,3,3
9403,9,0,4
9404,3,9,1
9405,8,7,1
9409,9,0,6
9411,7,6,3
9412,8,7,2
9416,7,6,5
9418,8,6,5
9419,2,5,1
9420,5,6,3
9422,3,5,4
9423,2,9,4
9424,2,3,1
9427,1,3,3
9428,7,9,5
9429,4,6,1
9433,3,5,4
9434,7,3,3
9438,7,6,6
9439,0,7,1
9441,4,6,3
9444,7,6,5
9446,5,6,4
9447,4,6,3
9452,2,0,4
9453,3,8,4
9454,3,5,1
9455,1,3,0
9458,7,3,3
9459,0,9,9
9463,9,0,2
9464,4,9,2
9465,5,0,4
9466,8,7,5
9469,0,2,1
9470,9,0,4
9472,8,7,6
9473,0,2,2
9474,8,6,6
9476,8,6,1
9478,7,3,3
9481,2,7,1
9482,0,8,6
9485,7,4,3
9489,6,3,5
9491,8,7,2
9493,0,7,4
9494,9,0,3
9495,0,9,4
9500,9,5,3
9508,8,0,2
9510,1,0,3
9511,4,6,3
9514,5,6,4
9516,9,0,3
9517,9,6,6
9519,9,0,1
9520,1,3,6
9523,5,6,3
9524,4,6,5
9525,2,5,4
9526,9,0,1
9528,0,7,1
9531,6,8,1
9534,6,8,1
9538,8,0,9
9541,4,0,2
9542,1,6,3
9543,2,5,4
9544,0,3,5
9545,9,0,1
9547,4,3,1
9549,4,3,5
9551,5,9,4
9552,9,6,3
9553,7,3,3
9554,7,3,5
9555,4,9,7
9556,6,0,5
9559,1,3,2
9560,9,3,3
9561,0,2,1
9562,3,0,4
9564,9,0,1
9565,0,2,2
9566,9,2,1
9570,7,3,5
9574,4,2,2
9577,0,2,6
9578,3,6,4
9579,2,8,1
9581,7,6,5
9582,5,9,3
9583,9,0,6
9584,3,6,4
9585,4,6,9
9586,5,3,4
9588,1,3,4
9591,1,0,9
9592,1,3,3
9595,7,6,3
9596,5,6,3
9598,9,0,1
9600,8,7,2
9601,1,0,5
9603,2,7,4
9604,8,0,6
9605,5,3,3
9607,7,0,3
9609,1,3,2
9610,4,6,5
9614,6,8,1
9617,8,0,6
9618,1,9,3
9619,8,7,6
9623,9,6,1
9624,2,0,4
9626,1,5,9
9627,4,9,9
9628,9,0,4
9629,1,0,3
9630,6,8,4
9631,7,3,3
9632,2,5,1
9633,0,7,2
9634,1,3,3
9635,7,6,3
9636,6,8,4
9637,5,9,3
9638,2,5,3
9639,2,5,4
9640,5,6,3
9642,0,3,3
9645,1,3,6
9649,5,9,3
9650,8,7,6
9651,7,6,3
9654,5,9,1
9655,8,7,2
9658,9,0,4
9660,6,8,1
9661,5,1,3
9663,1,0,9
9667,9,0,4
9668,4,6,3
9669,8,2,2
9671,7,6,3
9672,7,6,5
9673,9,0,3
9674,9,0,1
9675,4,6,5
9678,3,9,1
9679,2,3,4
9682,7,0,1
9683,6,3,4
9686,2,3,1
9688,2,3,1
9692,9,0,3
9694,1,0,2
9695,0,9,2
9696,1,0,3
9697,8,7,1
9698,7,6,1
9700,0,2,6
9701,4,5,5
9702,7,3,3
9703,4,6,5
9706,9,0,3
9707,5,6,3
9708,9,6,1
9709,0,9,6
9710,7,3,5
9711,4,0,5
9715,4,7,5
9716,7,6,1
9717,9,6,3
9720,8,6,7
9722,3,6,4
9723,7,3,1
9724,0,2,2
9726,9,0,6
9728,2,4,3
9730,6,5,3
9731,2,6,1
9732,9,0,1
9733,7,6,2
9737,5,6,3
9738,6,8,4
9739,1,3,3
9741,5,6,4
9742,9,0,6
9745,3,6,4
9747,0,2,1
9748,3,5,5
9750,2,8,5
9753,3,9,4
9754,9,3,1
9755,3,6,5
9757,7,0,1
9758,6,8,2
9759,5,1,3
9760,9,3,3
9762,6,8,4
9763,1,3,3
9764,2,3,5
9765,4,3,3
9766,0,9,6
9767,2,4,1
9768,7,3,3
9769,8,6,1
9770,4,6,1
9771,4,6,9
9773,9,0,6
9775,9,0,1
9777,9,6,6
9779,2,5,1
9781,3,5,1
9782,2,0,1
9784,8,7,2
9785,8,7,1
9788,1,0,3
9796,9,0,6
9797,1,3,3
9799,7,6,3
9800,1,3,3
9802,0,2,6
9803,1,3,9
9804,5,9,4
9806,8,7,2
9807,1,0,3
9808,1,6,2
9810,8,7,1
9811,1,3,0
9812,3,9,1
9813,1,3,3
9816,1,3,3
9822,0,6,2
9825,2,6,9
9826,0,2,6
9828,9,0,1
9829,5,6,3
9830,1,6,4
9831,2,7,1
9833,7,6,5
9835,7,6,1
9836,2,3,1
9838,5,3,3
9840,4,6,5
9841,0,6,4
9843,1,0,4
9844,5,1,1
9845,9,6,1
9846,8,9,2
9847,0,2,2
9848,2,3,1
9849,0,2,2
9852,0,7,2
9854,9,0,1
9855,7,0,5
9856,5,9,1
9860,0,6,4
9861,6,8,4
9865,1,3,3
9867,8,0,1
9868,9,5,1
9869,7,0,3
9870,2,7,4
9871,9,3,3
9873,2,0,8
9875,9,0,1
9878,5,6,4
9879,7,4,5
9880,7,9,5
9881,9,0,2
9882,1,6,3
9883,7,6,3
9885,8,9,6
9886,4,9,9
9887,5,9,1
9890,0,2,1
9893,2,0,4
9897,8,7,1
9898,9,0,1
9899,7,0,6
9900,8,0,6
9903,6,8,5
9904,0,2,4
9906,1,3,3
9907,1,3,6
9908,8,7,2
9909,1,0,3
9911,4,6,1
9912,0,9,1
9913,7,6,5
9914,8,0,5
9915,2,7,1
9917,2,0,1
9919,4,5,1
9920,6,8,5
9927,9,0,6
9929,8,6,2
9931,0,2,1
9932,8,6,1
9936,8,7,2
9937,4,6,5
9938,9,6,1
9940,4,6,5
9941,1,3,8
9944,7,3,3
9945,7,6,5
9947,3,5,1
9948,8,7,2
9952,5,9,3
9953,7,9,5
9954,0,2,1
9955,8,7,6
9956,0,8,2
9958,9,3,6
9961,3,0,4
9963,8,0,6
9964,2,0,6
9965,2,9,3
9966,6,8,5
9970,2,9,4
9971,9,0,1
9972,4,3,5
9973,0,2,4
9974,1,6,3
9977,5,6,1
9978,7,0,3
9979,3,6,1
9980,0,2,4
9981,4,6,9
9984,7,9,3
9986,8,7,1
9987,0,9,6
9988,8,7,2
9990,7,6,3
9991,0,2,1
9992,3,6,2
9994,3,0,1
9996,3,6,1
9998,1,9,2
9999,7,6,5
